CYP2B6 Diplotype,Activity Score,Coded Diplotype/Phenotype Summary,EHR Priority Notation
*1/*1,,CYP2B6 Normal Metabolizer,Normal/Routine/Low Risk
*1/*2,,CYP2B6 Normal Metabolizer,Normal/Routine/Low Risk
*1/*3,,CYP2B6 Indeterminate,none
*1/*4,,CYP2B6 Rapid Metabolizer,Normal/Routine/Low Risk
*1/*5,,CYP2B6 Normal Metabolizer,Normal/Routine/Low Risk
*1/*6,,CYP2B6 Intermediate Metabolizer,Abnormal/Priority/High Risk
*1/*7,,CYP2B6 Intermediate Metabolizer,Abnormal/Priority/High Risk
*1/*8,,CYP2B6 Intermediate Metabolizer,Abnormal/Priority/High Risk
*1/*9,,CYP2B6 Intermediate Metabolizer,Abnormal/Priority/High Risk
*1/*10,,CYP2B6 Indeterminate,none
*1/*11,,CYP2B6 Indeterminate,none
*1/*12,,CYP2B6 Intermediate Metabolizer,Abnormal/Priority/High Risk
*1/*13,,CYP2B6 Intermediate Metabolizer,Abnormal/Priority/High Risk
*1/*14,,CYP2B6 Indeterminate,none
*1/*15,,CYP2B6 Indeterminate,none
*1/*17,,CYP2B6 Normal Metabolizer,Normal/Routine/Low Risk
*1/*18,,CYP2B6 Intermediate Metabolizer,Abnormal/Priority/High Risk
*1/*19,,CYP2B6 Intermediate Metabolizer,Abnormal/Priority/High Risk
*1/*20,,CYP2B6 Intermediate Metabolizer,Abnormal/Priority/High Risk
*1/*21,,CYP2B6 Indeterminate,none
*1/*22,,CYP2B6 Indeterminate,none
*1/*23,,CYP2B6 Indeterminate,none
*1/*24,,CYP2B6 Indeterminate,none
*1/*25,,CYP2B6 Indeterminate,none
*1/*26,,CYP2B6 Intermediate Metabolizer,Abnormal/Priority/High Risk
*1/*27,,CYP2B6 Indeterminate,none
*1/*28,,CYP2B6 Intermediate Metabolizer,Abnormal/Priority/High Risk
*1/*29,,CYP2B6 Intermediate Metabolizer,Abnormal/Priority/High Risk
*1/*30,,CYP2B6 Intermediate Metabolizer,Abnormal/Priority/High Risk
*1/*31,,CYP2B6 Normal Metabolizer,Normal/Routine/Low Risk
*1/*32,,CYP2B6 Normal Metabolizer,Normal/Routine/Low Risk
*1/*33,,CYP2B6 Indeterminate,none
*1/*34,,CYP2B6 Intermediate Metabolizer,Abnormal/Priority/High Risk
*1/*35,,CYP2B6 Indeterminate,none
*1/*36,,CYP2B6 Intermediate Metabolizer,Abnormal/Priority/High Risk
*1/*37,,CYP2B6 Intermediate Metabolizer,Abnormal/Priority/High Risk
*1/*38,,CYP2B6 Intermediate Metabolizer,Abnormal/Priority/High Risk
*1/*39,,CYP2B6 Intermediate Metabolizer,Abnormal/Priority/High Risk
*1/*40,,CYP2B6 Intermediate Metabolizer,Abnormal/Priority/High Risk
*1/*41,,CYP2B6 Intermediate Metabolizer,Abnormal/Priority/High Risk
*1/*42,,CYP2B6 Intermediate Metabolizer,Abnormal/Priority/High Risk
*1/*43,,CYP2B6 Intermediate Metabolizer,Abnormal/Priority/High Risk
*1/*44,,CYP2B6 Indeterminate,none
*1/*45,,CYP2B6 Indeterminate,none
*1/*46,,CYP2B6 Indeterminate,none
*1/*47,,CYP2B6 Indeterminate,none
*1/*48,,CYP2B6 Indeterminate,none
*1/*49,,CYP2B6 Indeterminate,none
*2/*2,,CYP2B6 Normal Metabolizer,Normal/Routine/Low Risk
*2/*3,,CYP2B6 Indeterminate,none
*2/*4,,CYP2B6 Rapid Metabolizer,Normal/Routine/Low Risk
*2/*5,,CYP2B6 Normal Metabolizer,Normal/Routine/Low Risk
*2/*6,,CYP2B6 Intermediate Metabolizer,Abnormal/Priority/High Risk
*2/*7,,CYP2B6 Intermediate Metabolizer,Abnormal/Priority/High Risk
*2/*8,,CYP2B6 Intermediate Metabolizer,Abnormal/Priority/High Risk
*2/*9,,CYP2B6 Intermediate Metabolizer,Abnormal/Priority/High Risk
*2/*10,,CYP2B6 Indeterminate,none
*2/*11,,CYP2B6 Indeterminate,none
*2/*12,,CYP2B6 Intermediate Metabolizer,Abnormal/Priority/High Risk
*2/*13,,CYP2B6 Intermediate Metabolizer,Abnormal/Priority/High Risk
*2/*14,,CYP2B6 Indeterminate,none
*2/*15,,CYP2B6 Indeterminate,none
*2/*17,,CYP2B6 Normal Metabolizer,Normal/Routine/Low Risk
*2/*18,,CYP2B6 Intermediate Metabolizer,Abnormal/Priority/High Risk
*2/*19,,CYP2B6 Intermediate Metabolizer,Abnormal/Priority/High Risk
*2/*20,,CYP2B6 Intermediate Metabolizer,Abnormal/Priority/High Risk
*2/*21,,CYP2B6 Indeterminate,none
*2/*22,,CYP2B6 Indeterminate,none
*2/*23,,CYP2B6 Indeterminate,none
*2/*24,,CYP2B6 Indeterminate,none
*2/*25,,CYP2B6 Indeterminate,none
*2/*26,,CYP2B6 Intermediate Metabolizer,Abnormal/Priority/High Risk
*2/*27,,CYP2B6 Indeterminate,none
*2/*28,,CYP2B6 Intermediate Metabolizer,Abnormal/Priority/High Risk
*2/*29,,CYP2B6 Intermediate Metabolizer,Abnormal/Priority/High Risk
*2/*30,,CYP2B6 Intermediate Metabolizer,Abnormal/Priority/High Risk
*2/*31,,CYP2B6 Normal Metabolizer,Normal/Routine/Low Risk
*2/*32,,CYP2B6 Normal Metabolizer,Normal/Routine/Low Risk
*2/*33,,CYP2B6 Indeterminate,none
*2/*34,,CYP2B6 Intermediate Metabolizer,Abnormal/Priority/High Risk
*2/*35,,CYP2B6 Indeterminate,none
*2/*36,,CYP2B6 Intermediate Metabolizer,Abnormal/Priority/High Risk
*2/*37,,CYP2B6 Intermediate Metabolizer,Abnormal/Priority/High Risk
*2/*38,,CYP2B6 Intermediate Metabolizer,Abnormal/Priority/High Risk
*2/*39,,CYP2B6 Intermediate Metabolizer,Abnormal/Priority/High Risk
*2/*40,,CYP2B6 Intermediate Metabolizer,Abnormal/Priority/High Risk
*2/*41,,CYP2B6 Intermediate Metabolizer,Abnormal/Priority/High Risk
*2/*42,,CYP2B6 Intermediate Metabolizer,Abnormal/Priority/High Risk
*2/*43,,CYP2B6 Intermediate Metabolizer,Abnormal/Priority/High Risk
*2/*44,,CYP2B6 Indeterminate,none
*2/*45,,CYP2B6 Indeterminate,none
*2/*46,,CYP2B6 Indeterminate,none
*2/*47,,CYP2B6 Indeterminate,none
*2/*48,,CYP2B6 Indeterminate,none
*2/*49,,CYP2B6 Indeterminate,none
*3/*3,,CYP2B6 Indeterminate,none
*3/*4,,CYP2B6 Indeterminate,none
*3/*5,,CYP2B6 Indeterminate,none
*3/*6,,CYP2B6 Indeterminate,none
*3/*7,,CYP2B6 Indeterminate,none
*3/*8,,CYP2B6 Indeterminate,none
*3/*9,,CYP2B6 Indeterminate,none
*3/*10,,CYP2B6 Indeterminate,none
*3/*11,,CYP2B6 Indeterminate,none
*3/*12,,CYP2B6 Indeterminate,none
*3/*13,,CYP2B6 Indeterminate,none
*3/*14,,CYP2B6 Indeterminate,none
*3/*15,,CYP2B6 Indeterminate,none
*3/*17,,CYP2B6 Indeterminate,none
*3/*18,,CYP2B6 Indeterminate,none
*3/*19,,CYP2B6 Indeterminate,none
*3/*20,,CYP2B6 Indeterminate,none
*3/*21,,CYP2B6 Indeterminate,none
*3/*22,,CYP2B6 Indeterminate,none
*3/*23,,CYP2B6 Indeterminate,none
*3/*24,,CYP2B6 Indeterminate,none
*3/*25,,CYP2B6 Indeterminate,none
*3/*26,,CYP2B6 Indeterminate,none
*3/*27,,CYP2B6 Indeterminate,none
*3/*28,,CYP2B6 Indeterminate,none
*3/*29,,CYP2B6 Indeterminate,none
*3/*30,,CYP2B6 Indeterminate,none
*3/*31,,CYP2B6 Indeterminate,none
*3/*32,,CYP2B6 Indeterminate,none
*3/*33,,CYP2B6 Indeterminate,none
*3/*34,,CYP2B6 Indeterminate,none
*3/*35,,CYP2B6 Indeterminate,none
*3/*36,,CYP2B6 Indeterminate,none
*3/*37,,CYP2B6 Indeterminate,none
*3/*38,,CYP2B6 Indeterminate,none
*3/*39,,CYP2B6 Indeterminate,none
*3/*40,,CYP2B6 Indeterminate,none
*3/*41,,CYP2B6 Indeterminate,none
*3/*42,,CYP2B6 Indeterminate,none
*3/*43,,CYP2B6 Indeterminate,none
*3/*44,,CYP2B6 Indeterminate,none
*3/*45,,CYP2B6 Indeterminate,none
*3/*46,,CYP2B6 Indeterminate,none
*3/*47,,CYP2B6 Indeterminate,none
*3/*48,,CYP2B6 Indeterminate,none
*3/*49,,CYP2B6 Indeterminate,none
*4/*4,,CYP2B6 Ultrarapid Metabolizer,Normal/Routine/Low Risk
*4/*5,,CYP2B6 Rapid Metabolizer,Normal/Routine/Low Risk
*4/*6,,CYP2B6 Intermediate Metabolizer,Abnormal/Priority/High Risk
*4/*7,,CYP2B6 Intermediate Metabolizer,Abnormal/Priority/High Risk
*4/*8,,CYP2B6 Intermediate Metabolizer,Abnormal/Priority/High Risk
*4/*9,,CYP2B6 Intermediate Metabolizer,Abnormal/Priority/High Risk
*4/*10,,CYP2B6 Indeterminate,none
*4/*11,,CYP2B6 Indeterminate,none
*4/*12,,CYP2B6 Intermediate Metabolizer,Abnormal/Priority/High Risk
*4/*13,,CYP2B6 Intermediate Metabolizer,Abnormal/Priority/High Risk
*4/*14,,CYP2B6 Indeterminate,none
*4/*15,,CYP2B6 Indeterminate,none
*4/*17,,CYP2B6 Rapid Metabolizer,Normal/Routine/Low Risk
*4/*18,,CYP2B6 Intermediate Metabolizer,Abnormal/Priority/High Risk
*4/*19,,CYP2B6 Intermediate Metabolizer,Abnormal/Priority/High Risk
*4/*20,,CYP2B6 Intermediate Metabolizer,Abnormal/Priority/High Risk
*4/*21,,CYP2B6 Indeterminate,none
*4/*22,,CYP2B6 Indeterminate,none
*4/*23,,CYP2B6 Indeterminate,none
*4/*24,,CYP2B6 Indeterminate,none
*4/*25,,CYP2B6 Indeterminate,none
*4/*26,,CYP2B6 Intermediate Metabolizer,Abnormal/Priority/High Risk
*4/*27,,CYP2B6 Indeterminate,none
*4/*28,,CYP2B6 Intermediate Metabolizer,Abnormal/Priority/High Risk
*4/*29,,CYP2B6 Intermediate Metabolizer,Abnormal/Priority/High Risk
*4/*30,,CYP2B6 Intermediate Metabolizer,Abnormal/Priority/High Risk
*4/*31,,CYP2B6 Rapid Metabolizer,Normal/Routine/Low Risk
*4/*32,,CYP2B6 Rapid Metabolizer,Normal/Routine/Low Risk
*4/*33,,CYP2B6 Indeterminate,none
*4/*34,,CYP2B6 Intermediate Metabolizer,Abnormal/Priority/High Risk
*4/*35,,CYP2B6 Indeterminate,none
*4/*36,,CYP2B6 Intermediate Metabolizer,Abnormal/Priority/High Risk
*4/*37,,CYP2B6 Intermediate Metabolizer,Abnormal/Priority/High Risk
*4/*38,,CYP2B6 Intermediate Metabolizer,Abnormal/Priority/High Risk
*4/*39,,CYP2B6 Intermediate Metabolizer,Abnormal/Priority/High Risk
*4/*40,,CYP2B6 Intermediate Metabolizer,Abnormal/Priority/High Risk
*4/*41,,CYP2B6 Intermediate Metabolizer,Abnormal/Priority/High Risk
*4/*42,,CYP2B6 Intermediate Metabolizer,Abnormal/Priority/High Risk
*4/*43,,CYP2B6 Intermediate Metabolizer,Abnormal/Priority/High Risk
*4/*44,,CYP2B6 Indeterminate,none
*4/*45,,CYP2B6 Indeterminate,none
*4/*46,,CYP2B6 Indeterminate,none
*4/*47,,CYP2B6 Indeterminate,none
*4/*48,,CYP2B6 Indeterminate,none
*4/*49,,CYP2B6 Indeterminate,none
*5/*5,,CYP2B6 Normal Metabolizer,Normal/Routine/Low Risk
*5/*6,,CYP2B6 Intermediate Metabolizer,Abnormal/Priority/High Risk
*5/*7,,CYP2B6 Intermediate Metabolizer,Abnormal/Priority/High Risk
*5/*8,,CYP2B6 Intermediate Metabolizer,Abnormal/Priority/High Risk
*5/*9,,CYP2B6 Intermediate Metabolizer,Abnormal/Priority/High Risk
*5/*10,,CYP2B6 Indeterminate,none
*5/*11,,CYP2B6 Indeterminate,none
*5/*12,,CYP2B6 Intermediate Metabolizer,Abnormal/Priority/High Risk
*5/*13,,CYP2B6 Intermediate Metabolizer,Abnormal/Priority/High Risk
*5/*14,,CYP2B6 Indeterminate,none
*5/*15,,CYP2B6 Indeterminate,none
*5/*17,,CYP2B6 Normal Metabolizer,Normal/Routine/Low Risk
*5/*18,,CYP2B6 Intermediate Metabolizer,Abnormal/Priority/High Risk
*5/*19,,CYP2B6 Intermediate Metabolizer,Abnormal/Priority/High Risk
*5/*20,,CYP2B6 Intermediate Metabolizer,Abnormal/Priority/High Risk
*5/*21,,CYP2B6 Indeterminate,none
*5/*22,,CYP2B6 Indeterminate,none
*5/*23,,CYP2B6 Indeterminate,none
*5/*24,,CYP2B6 Indeterminate,none
*5/*25,,CYP2B6 Indeterminate,none
*5/*26,,CYP2B6 Intermediate Metabolizer,Abnormal/Priority/High Risk
*5/*27,,CYP2B6 Indeterminate,none
*5/*28,,CYP2B6 Intermediate Metabolizer,Abnormal/Priority/High Risk
*5/*29,,CYP2B6 Intermediate Metabolizer,Abnormal/Priority/High Risk
*5/*30,,CYP2B6 Intermediate Metabolizer,Abnormal/Priority/High Risk
*5/*31,,CYP2B6 Normal Metabolizer,Normal/Routine/Low Risk
*5/*32,,CYP2B6 Normal Metabolizer,Normal/Routine/Low Risk
*5/*33,,CYP2B6 Indeterminate,none
*5/*34,,CYP2B6 Intermediate Metabolizer,Abnormal/Priority/High Risk
*5/*35,,CYP2B6 Indeterminate,none
*5/*36,,CYP2B6 Intermediate Metabolizer,Abnormal/Priority/High Risk
*5/*37,,CYP2B6 Intermediate Metabolizer,Abnormal/Priority/High Risk
*5/*38,,CYP2B6 Intermediate Metabolizer,Abnormal/Priority/High Risk
*5/*39,,CYP2B6 Intermediate Metabolizer,Abnormal/Priority/High Risk
*5/*40,,CYP2B6 Intermediate Metabolizer,Abnormal/Priority/High Risk
*5/*41,,CYP2B6 Intermediate Metabolizer,Abnormal/Priority/High Risk
*5/*42,,CYP2B6 Intermediate Metabolizer,Abnormal/Priority/High Risk
*5/*43,,CYP2B6 Intermediate Metabolizer,Abnormal/Priority/High Risk
*5/*44,,CYP2B6 Indeterminate,none
*5/*45,,CYP2B6 Indeterminate,none
*5/*46,,CYP2B6 Indeterminate,none
*5/*47,,CYP2B6 Indeterminate,none
*5/*48,,CYP2B6 Indeterminate,none
*5/*49,,CYP2B6 Indeterminate,none
*6/*6,,CYP2B6 Poor Metabolizer,Abnormal/Priority/High Risk
*6/*7,,CYP2B6 Poor Metabolizer,Abnormal/Priority/High Risk
*6/*8,,CYP2B6 Poor Metabolizer,Abnormal/Priority/High Risk
*6/*9,,CYP2B6 Poor Metabolizer,Abnormal/Priority/High Risk
*6/*10,,CYP2B6 Indeterminate,none
*6/*11,,CYP2B6 Indeterminate,none
*6/*12,,CYP2B6 Poor Metabolizer,Abnormal/Priority/High Risk
*6/*13,,CYP2B6 Poor Metabolizer,Abnormal/Priority/High Risk
*6/*14,,CYP2B6 Indeterminate,none
*6/*15,,CYP2B6 Indeterminate,none
*6/*17,,CYP2B6 Intermediate Metabolizer,Abnormal/Priority/High Risk
*6/*18,,CYP2B6 Poor Metabolizer,Abnormal/Priority/High Risk
*6/*19,,CYP2B6 Poor Metabolizer,Abnormal/Priority/High Risk
*6/*20,,CYP2B6 Poor Metabolizer,Abnormal/Priority/High Risk
*6/*21,,CYP2B6 Indeterminate,none
*6/*22,,CYP2B6 Indeterminate,none
*6/*23,,CYP2B6 Indeterminate,none
*6/*24,,CYP2B6 Indeterminate,none
*6/*25,,CYP2B6 Indeterminate,none
*6/*26,,CYP2B6 Poor Metabolizer,Abnormal/Priority/High Risk
*6/*27,,CYP2B6 Indeterminate,none
*6/*28,,CYP2B6 Poor Metabolizer,Abnormal/Priority/High Risk
*6/*29,,CYP2B6 Poor Metabolizer,Abnormal/Priority/High Risk
*6/*30,,CYP2B6 Poor Metabolizer,Abnormal/Priority/High Risk
*6/*31,,CYP2B6 Intermediate Metabolizer,Abnormal/Priority/High Risk
*6/*32,,CYP2B6 Intermediate Metabolizer,Abnormal/Priority/High Risk
*6/*33,,CYP2B6 Indeterminate,none
*6/*34,,CYP2B6 Poor Metabolizer,Abnormal/Priority/High Risk
*6/*35,,CYP2B6 Indeterminate,none
*6/*36,,CYP2B6 Poor Metabolizer,Abnormal/Priority/High Risk
*6/*37,,CYP2B6 Poor Metabolizer,Abnormal/Priority/High Risk
*6/*38,,CYP2B6 Poor Metabolizer,Abnormal/Priority/High Risk
*6/*39,,CYP2B6 Poor Metabolizer,Abnormal/Priority/High Risk
*6/*40,,CYP2B6 Poor Metabolizer,Abnormal/Priority/High Risk
*6/*41,,CYP2B6 Poor Metabolizer,Abnormal/Priority/High Risk
*6/*42,,CYP2B6 Poor Metabolizer,Abnormal/Priority/High Risk
*6/*43,,CYP2B6 Poor Metabolizer,Abnormal/Priority/High Risk
*6/*44,,CYP2B6 Indeterminate,none
*6/*45,,CYP2B6 Indeterminate,none
*6/*46,,CYP2B6 Indeterminate,none
*6/*47,,CYP2B6 Indeterminate,none
*6/*48,,CYP2B6 Indeterminate,none
*6/*49,,CYP2B6 Indeterminate,none
*7/*7,,CYP2B6 Poor Metabolizer,Abnormal/Priority/High Risk
*7/*8,,CYP2B6 Poor Metabolizer,Abnormal/Priority/High Risk
*7/*9,,CYP2B6 Poor Metabolizer,Abnormal/Priority/High Risk
*7/*10,,CYP2B6 Indeterminate,none
*7/*11,,CYP2B6 Indeterminate,none
*7/*12,,CYP2B6 Poor Metabolizer,Abnormal/Priority/High Risk
*7/*13,,CYP2B6 Poor Metabolizer,Abnormal/Priority/High Risk
*7/*14,,CYP2B6 Indeterminate,none
*7/*15,,CYP2B6 Indeterminate,none
*7/*17,,CYP2B6 Intermediate Metabolizer,Abnormal/Priority/High Risk
*7/*18,,CYP2B6 Poor Metabolizer,Abnormal/Priority/High Risk
*7/*19,,CYP2B6 Poor Metabolizer,Abnormal/Priority/High Risk
*7/*20,,CYP2B6 Poor Metabolizer,Abnormal/Priority/High Risk
*7/*21,,CYP2B6 Indeterminate,none
*7/*22,,CYP2B6 Indeterminate,none
*7/*23,,CYP2B6 Indeterminate,none
*7/*24,,CYP2B6 Indeterminate,none
*7/*25,,CYP2B6 Indeterminate,none
*7/*26,,CYP2B6 Poor Metabolizer,Abnormal/Priority/High Risk
*7/*27,,CYP2B6 Indeterminate,none
*7/*28,,CYP2B6 Poor Metabolizer,Abnormal/Priority/High Risk
*7/*29,,CYP2B6 Poor Metabolizer,Abnormal/Priority/High Risk
*7/*30,,CYP2B6 Poor Metabolizer,Abnormal/Priority/High Risk
*7/*31,,CYP2B6 Intermediate Metabolizer,Abnormal/Priority/High Risk
*7/*32,,CYP2B6 Intermediate Metabolizer,Abnormal/Priority/High Risk
*7/*33,,CYP2B6 Indeterminate,none
*7/*34,,CYP2B6 Poor Metabolizer,Abnormal/Priority/High Risk
*7/*35,,CYP2B6 Indeterminate,none
*7/*36,,CYP2B6 Poor Metabolizer,Abnormal/Priority/High Risk
*7/*37,,CYP2B6 Poor Metabolizer,Abnormal/Priority/High Risk
*7/*38,,CYP2B6 Poor Metabolizer,Abnormal/Priority/High Risk
*7/*39,,CYP2B6 Poor Metabolizer,Abnormal/Priority/High Risk
*7/*40,,CYP2B6 Poor Metabolizer,Abnormal/Priority/High Risk
*7/*41,,CYP2B6 Poor Metabolizer,Abnormal/Priority/High Risk
*7/*42,,CYP2B6 Poor Metabolizer,Abnormal/Priority/High Risk
*7/*43,,CYP2B6 Poor Metabolizer,Abnormal/Priority/High Risk
*7/*44,,CYP2B6 Indeterminate,none
*7/*45,,CYP2B6 Indeterminate,none
*7/*46,,CYP2B6 Indeterminate,none
*7/*47,,CYP2B6 Indeterminate,none
*7/*48,,CYP2B6 Indeterminate,none
*7/*49,,CYP2B6 Indeterminate,none
*8/*8,,CYP2B6 Poor Metabolizer,Abnormal/Priority/High Risk
*8/*9,,CYP2B6 Poor Metabolizer,Abnormal/Priority/High Risk
*8/*10,,CYP2B6 Indeterminate,none
*8/*11,,CYP2B6 Indeterminate,none
*8/*12,,CYP2B6 Poor Metabolizer,Abnormal/Priority/High Risk
*8/*13,,CYP2B6 Poor Metabolizer,Abnormal/Priority/High Risk
*8/*14,,CYP2B6 Indeterminate,none
*8/*15,,CYP2B6 Indeterminate,none
*8/*17,,CYP2B6 Intermediate Metabolizer,Abnormal/Priority/High Risk
*8/*18,,CYP2B6 Poor Metabolizer,Abnormal/Priority/High Risk
*8/*19,,CYP2B6 Poor Metabolizer,Abnormal/Priority/High Risk
*8/*20,,CYP2B6 Poor Metabolizer,Abnormal/Priority/High Risk
*8/*21,,CYP2B6 Indeterminate,none
*8/*22,,CYP2B6 Indeterminate,none
*8/*23,,CYP2B6 Indeterminate,none
*8/*24,,CYP2B6 Indeterminate,none
*8/*25,,CYP2B6 Indeterminate,none
*8/*26,,CYP2B6 Poor Metabolizer,Abnormal/Priority/High Risk
*8/*27,,CYP2B6 Indeterminate,none
*8/*28,,CYP2B6 Poor Metabolizer,Abnormal/Priority/High Risk
*8/*29,,CYP2B6 Poor Metabolizer,Abnormal/Priority/High Risk
*8/*30,,CYP2B6 Poor Metabolizer,Abnormal/Priority/High Risk
*8/*31,,CYP2B6 Intermediate Metabolizer,Abnormal/Priority/High Risk
*8/*32,,CYP2B6 Intermediate Metabolizer,Abnormal/Priority/High Risk
*8/*33,,CYP2B6 Indeterminate,none
*8/*34,,CYP2B6 Poor Metabolizer,Abnormal/Priority/High Risk
*8/*35,,CYP2B6 Indeterminate,none
*8/*36,,CYP2B6 Poor Metabolizer,Abnormal/Priority/High Risk
*8/*37,,CYP2B6 Poor Metabolizer,Abnormal/Priority/High Risk
*8/*38,,CYP2B6 Poor Metabolizer,Abnormal/Priority/High Risk
*8/*39,,CYP2B6 Poor Metabolizer,Abnormal/Priority/High Risk
*8/*40,,CYP2B6 Poor Metabolizer,Abnormal/Priority/High Risk
*8/*41,,CYP2B6 Poor Metabolizer,Abnormal/Priority/High Risk
*8/*42,,CYP2B6 Poor Metabolizer,Abnormal/Priority/High Risk
*8/*43,,CYP2B6 Poor Metabolizer,Abnormal/Priority/High Risk
*8/*44,,CYP2B6 Indeterminate,none
*8/*45,,CYP2B6 Indeterminate,none
*8/*46,,CYP2B6 Indeterminate,none
*8/*47,,CYP2B6 Indeterminate,none
*8/*48,,CYP2B6 Indeterminate,none
*8/*49,,CYP2B6 Indeterminate,none
*9/*9,,CYP2B6 Poor Metabolizer,Abnormal/Priority/High Risk
*9/*10,,CYP2B6 Indeterminate,none
*9/*11,,CYP2B6 Indeterminate,none
*9/*12,,CYP2B6 Poor Metabolizer,Abnormal/Priority/High Risk
*9/*13,,CYP2B6 Poor Metabolizer,Abnormal/Priority/High Risk
*9/*14,,CYP2B6 Indeterminate,none
*9/*15,,CYP2B6 Indeterminate,none
*9/*17,,CYP2B6 Intermediate Metabolizer,Abnormal/Priority/High Risk
*9/*18,,CYP2B6 Poor Metabolizer,Abnormal/Priority/High Risk
*9/*19,,CYP2B6 Poor Metabolizer,Abnormal/Priority/High Risk
*9/*20,,CYP2B6 Poor Metabolizer,Abnormal/Priority/High Risk
*9/*21,,CYP2B6 Indeterminate,none
*9/*22,,CYP2B6 Indeterminate,none
*9/*23,,CYP2B6 Indeterminate,none
*9/*24,,CYP2B6 Indeterminate,none
*9/*25,,CYP2B6 Indeterminate,none
*9/*26,,CYP2B6 Poor Metabolizer,Abnormal/Priority/High Risk
*9/*27,,CYP2B6 Indeterminate,none
*9/*28,,CYP2B6 Poor Metabolizer,Abnormal/Priority/High Risk
*9/*29,,CYP2B6 Poor Metabolizer,Abnormal/Priority/High Risk
*9/*30,,CYP2B6 Poor Metabolizer,Abnormal/Priority/High Risk
*9/*31,,CYP2B6 Intermediate Metabolizer,Abnormal/Priority/High Risk
*9/*32,,CYP2B6 Intermediate Metabolizer,Abnormal/Priority/High Risk
*9/*33,,CYP2B6 Indeterminate,none
*9/*34,,CYP2B6 Poor Metabolizer,Abnormal/Priority/High Risk
*9/*35,,CYP2B6 Indeterminate,none
*9/*36,,CYP2B6 Poor Metabolizer,Abnormal/Priority/High Risk
*9/*37,,CYP2B6 Poor Metabolizer,Abnormal/Priority/High Risk
*9/*38,,CYP2B6 Poor Metabolizer,Abnormal/Priority/High Risk
*9/*39,,CYP2B6 Poor Metabolizer,Abnormal/Priority/High Risk
*9/*40,,CYP2B6 Poor Metabolizer,Abnormal/Priority/High Risk
*9/*41,,CYP2B6 Poor Metabolizer,Abnormal/Priority/High Risk
*9/*42,,CYP2B6 Poor Metabolizer,Abnormal/Priority/High Risk
*9/*43,,CYP2B6 Poor Metabolizer,Abnormal/Priority/High Risk
*9/*44,,CYP2B6 Indeterminate,none
*9/*45,,CYP2B6 Indeterminate,none
*9/*46,,CYP2B6 Indeterminate,none
*9/*47,,CYP2B6 Indeterminate,none
*9/*48,,CYP2B6 Indeterminate,none
*9/*49,,CYP2B6 Indeterminate,none
*10/*10,,CYP2B6 Indeterminate,none
*10/*11,,CYP2B6 Indeterminate,none
*10/*12,,CYP2B6 Indeterminate,none
*10/*13,,CYP2B6 Indeterminate,none
*10/*14,,CYP2B6 Indeterminate,none
*10/*15,,CYP2B6 Indeterminate,none
*10/*17,,CYP2B6 Indeterminate,none
*10/*18,,CYP2B6 Indeterminate,none
*10/*19,,CYP2B6 Indeterminate,none
*10/*20,,CYP2B6 Indeterminate,none
*10/*21,,CYP2B6 Indeterminate,none
*10/*22,,CYP2B6 Indeterminate,none
*10/*23,,CYP2B6 Indeterminate,none
*10/*24,,CYP2B6 Indeterminate,none
*10/*25,,CYP2B6 Indeterminate,none
*10/*26,,CYP2B6 Indeterminate,none
*10/*27,,CYP2B6 Indeterminate,none
*10/*28,,CYP2B6 Indeterminate,none
*10/*29,,CYP2B6 Indeterminate,none
*10/*30,,CYP2B6 Indeterminate,none
*10/*31,,CYP2B6 Indeterminate,none
*10/*32,,CYP2B6 Indeterminate,none
*10/*33,,CYP2B6 Indeterminate,none
*10/*34,,CYP2B6 Indeterminate,none
*10/*35,,CYP2B6 Indeterminate,none
*10/*36,,CYP2B6 Indeterminate,none
*10/*37,,CYP2B6 Indeterminate,none
*10/*38,,CYP2B6 Indeterminate,none
*10/*39,,CYP2B6 Indeterminate,none
*10/*40,,CYP2B6 Indeterminate,none
*10/*41,,CYP2B6 Indeterminate,none
*10/*42,,CYP2B6 Indeterminate,none
*10/*43,,CYP2B6 Indeterminate,none
*10/*44,,CYP2B6 Indeterminate,none
*10/*45,,CYP2B6 Indeterminate,none
*10/*46,,CYP2B6 Indeterminate,none
*10/*47,,CYP2B6 Indeterminate,none
*10/*48,,CYP2B6 Indeterminate,none
*10/*49,,CYP2B6 Indeterminate,none
*11/*11,,CYP2B6 Indeterminate,none
*11/*12,,CYP2B6 Indeterminate,none
*11/*13,,CYP2B6 Indeterminate,none
*11/*14,,CYP2B6 Indeterminate,none
*11/*15,,CYP2B6 Indeterminate,none
*11/*17,,CYP2B6 Indeterminate,none
*11/*18,,CYP2B6 Indeterminate,none
*11/*19,,CYP2B6 Indeterminate,none
*11/*20,,CYP2B6 Indeterminate,none
*11/*21,,CYP2B6 Indeterminate,none
*11/*22,,CYP2B6 Indeterminate,none
*11/*23,,CYP2B6 Indeterminate,none
*11/*24,,CYP2B6 Indeterminate,none
*11/*25,,CYP2B6 Indeterminate,none
*11/*26,,CYP2B6 Indeterminate,none
*11/*27,,CYP2B6 Indeterminate,none
*11/*28,,CYP2B6 Indeterminate,none
*11/*29,,CYP2B6 Indeterminate,none
*11/*30,,CYP2B6 Indeterminate,none
*11/*31,,CYP2B6 Indeterminate,none
*11/*32,,CYP2B6 Indeterminate,none
*11/*33,,CYP2B6 Indeterminate,none
*11/*34,,CYP2B6 Indeterminate,none
*11/*35,,CYP2B6 Indeterminate,none
*11/*36,,CYP2B6 Indeterminate,none
*11/*37,,CYP2B6 Indeterminate,none
*11/*38,,CYP2B6 Indeterminate,none
*11/*39,,CYP2B6 Indeterminate,none
*11/*40,,CYP2B6 Indeterminate,none
*11/*41,,CYP2B6 Indeterminate,none
*11/*42,,CYP2B6 Indeterminate,none
*11/*43,,CYP2B6 Indeterminate,none
*11/*44,,CYP2B6 Indeterminate,none
*11/*45,,CYP2B6 Indeterminate,none
*11/*46,,CYP2B6 Indeterminate,none
*11/*47,,CYP2B6 Indeterminate,none
*11/*48,,CYP2B6 Indeterminate,none
*11/*49,,CYP2B6 Indeterminate,none
*12/*12,,CYP2B6 Poor Metabolizer,Abnormal/Priority/High Risk
*12/*13,,CYP2B6 Poor Metabolizer,Abnormal/Priority/High Risk
*12/*14,,CYP2B6 Indeterminate,none
*12/*15,,CYP2B6 Indeterminate,none
*12/*17,,CYP2B6 Intermediate Metabolizer,Abnormal/Priority/High Risk
*12/*18,,CYP2B6 Poor Metabolizer,Abnormal/Priority/High Risk
*12/*19,,CYP2B6 Poor Metabolizer,Abnormal/Priority/High Risk
*12/*20,,CYP2B6 Poor Metabolizer,Abnormal/Priority/High Risk
*12/*21,,CYP2B6 Indeterminate,none
*12/*22,,CYP2B6 Indeterminate,none
*12/*23,,CYP2B6 Indeterminate,none
*12/*24,,CYP2B6 Indeterminate,none
*12/*25,,CYP2B6 Indeterminate,none
*12/*26,,CYP2B6 Poor Metabolizer,Abnormal/Priority/High Risk
*12/*27,,CYP2B6 Indeterminate,none
*12/*28,,CYP2B6 Poor Metabolizer,Abnormal/Priority/High Risk
*12/*29,,CYP2B6 Poor Metabolizer,Abnormal/Priority/High Risk
*12/*30,,CYP2B6 Poor Metabolizer,Abnormal/Priority/High Risk
*12/*31,,CYP2B6 Intermediate Metabolizer,Abnormal/Priority/High Risk
*12/*32,,CYP2B6 Intermediate Metabolizer,Abnormal/Priority/High Risk
*12/*33,,CYP2B6 Indeterminate,none
*12/*34,,CYP2B6 Poor Metabolizer,Abnormal/Priority/High Risk
*12/*35,,CYP2B6 Indeterminate,none
*12/*36,,CYP2B6 Poor Metabolizer,Abnormal/Priority/High Risk
*12/*37,,CYP2B6 Poor Metabolizer,Abnormal/Priority/High Risk
*12/*38,,CYP2B6 Poor Metabolizer,Abnormal/Priority/High Risk
*12/*39,,CYP2B6 Poor Metabolizer,Abnormal/Priority/High Risk
*12/*40,,CYP2B6 Poor Metabolizer,Abnormal/Priority/High Risk
*12/*41,,CYP2B6 Poor Metabolizer,Abnormal/Priority/High Risk
*12/*42,,CYP2B6 Poor Metabolizer,Abnormal/Priority/High Risk
*12/*43,,CYP2B6 Poor Metabolizer,Abnormal/Priority/High Risk
*12/*44,,CYP2B6 Indeterminate,none
*12/*45,,CYP2B6 Indeterminate,none
*12/*46,,CYP2B6 Indeterminate,none
*12/*47,,CYP2B6 Indeterminate,none
*12/*48,,CYP2B6 Indeterminate,none
*12/*49,,CYP2B6 Indeterminate,none
*13/*13,,CYP2B6 Poor Metabolizer,Abnormal/Priority/High Risk
*13/*14,,CYP2B6 Indeterminate,none
*13/*15,,CYP2B6 Indeterminate,none
*13/*17,,CYP2B6 Intermediate Metabolizer,Abnormal/Priority/High Risk
*13/*18,,CYP2B6 Poor Metabolizer,Abnormal/Priority/High Risk
*13/*19,,CYP2B6 Poor Metabolizer,Abnormal/Priority/High Risk
*13/*20,,CYP2B6 Poor Metabolizer,Abnormal/Priority/High Risk
*13/*21,,CYP2B6 Indeterminate,none
*13/*22,,CYP2B6 Indeterminate,none
*13/*23,,CYP2B6 Indeterminate,none
*13/*24,,CYP2B6 Indeterminate,none
*13/*25,,CYP2B6 Indeterminate,none
*13/*26,,CYP2B6 Poor Metabolizer,Abnormal/Priority/High Risk
*13/*27,,CYP2B6 Indeterminate,none
*13/*28,,CYP2B6 Poor Metabolizer,Abnormal/Priority/High Risk
*13/*29,,CYP2B6 Poor Metabolizer,Abnormal/Priority/High Risk
*13/*30,,CYP2B6 Poor Metabolizer,Abnormal/Priority/High Risk
*13/*31,,CYP2B6 Intermediate Metabolizer,Abnormal/Priority/High Risk
*13/*32,,CYP2B6 Intermediate Metabolizer,Abnormal/Priority/High Risk
*13/*33,,CYP2B6 Indeterminate,none
*13/*34,,CYP2B6 Poor Metabolizer,Abnormal/Priority/High Risk
*13/*35,,CYP2B6 Indeterminate,none
*13/*36,,CYP2B6 Poor Metabolizer,Abnormal/Priority/High Risk
*13/*37,,CYP2B6 Poor Metabolizer,Abnormal/Priority/High Risk
*13/*38,,CYP2B6 Poor Metabolizer,Abnormal/Priority/High Risk
*13/*39,,CYP2B6 Poor Metabolizer,Abnormal/Priority/High Risk
*13/*40,,CYP2B6 Poor Metabolizer,Abnormal/Priority/High Risk
*13/*41,,CYP2B6 Poor Metabolizer,Abnormal/Priority/High Risk
*13/*42,,CYP2B6 Poor Metabolizer,Abnormal/Priority/High Risk
*13/*43,,CYP2B6 Poor Metabolizer,Abnormal/Priority/High Risk
*13/*44,,CYP2B6 Indeterminate,none
*13/*45,,CYP2B6 Indeterminate,none
*13/*46,,CYP2B6 Indeterminate,none
*13/*47,,CYP2B6 Indeterminate,none
*13/*48,,CYP2B6 Indeterminate,none
*13/*49,,CYP2B6 Indeterminate,none
*14/*14,,CYP2B6 Indeterminate,none
*14/*15,,CYP2B6 Indeterminate,none
*14/*17,,CYP2B6 Indeterminate,none
*14/*18,,CYP2B6 Indeterminate,none
*14/*19,,CYP2B6 Indeterminate,none
*14/*20,,CYP2B6 Indeterminate,none
*14/*21,,CYP2B6 Indeterminate,none
*14/*22,,CYP2B6 Indeterminate,none
*14/*23,,CYP2B6 Indeterminate,none
*14/*24,,CYP2B6 Indeterminate,none
*14/*25,,CYP2B6 Indeterminate,none
*14/*26,,CYP2B6 Indeterminate,none
*14/*27,,CYP2B6 Indeterminate,none
*14/*28,,CYP2B6 Indeterminate,none
*14/*29,,CYP2B6 Indeterminate,none
*14/*30,,CYP2B6 Indeterminate,none
*14/*31,,CYP2B6 Indeterminate,none
*14/*32,,CYP2B6 Indeterminate,none
*14/*33,,CYP2B6 Indeterminate,none
*14/*34,,CYP2B6 Indeterminate,none
*14/*35,,CYP2B6 Indeterminate,none
*14/*36,,CYP2B6 Indeterminate,none
*14/*37,,CYP2B6 Indeterminate,none
*14/*38,,CYP2B6 Indeterminate,none
*14/*39,,CYP2B6 Indeterminate,none
*14/*40,,CYP2B6 Indeterminate,none
*14/*41,,CYP2B6 Indeterminate,none
*14/*42,,CYP2B6 Indeterminate,none
*14/*43,,CYP2B6 Indeterminate,none
*14/*44,,CYP2B6 Indeterminate,none
*14/*45,,CYP2B6 Indeterminate,none
*14/*46,,CYP2B6 Indeterminate,none
*14/*47,,CYP2B6 Indeterminate,none
*14/*48,,CYP2B6 Indeterminate,none
*14/*49,,CYP2B6 Indeterminate,none
*15/*15,,CYP2B6 Indeterminate,none
*15/*17,,CYP2B6 Indeterminate,none
*15/*18,,CYP2B6 Indeterminate,none
*15/*19,,CYP2B6 Indeterminate,none
*15/*20,,CYP2B6 Indeterminate,none
*15/*21,,CYP2B6 Indeterminate,none
*15/*22,,CYP2B6 Indeterminate,none
*15/*23,,CYP2B6 Indeterminate,none
*15/*24,,CYP2B6 Indeterminate,none
*15/*25,,CYP2B6 Indeterminate,none
*15/*26,,CYP2B6 Indeterminate,none
*15/*27,,CYP2B6 Indeterminate,none
*15/*28,,CYP2B6 Indeterminate,none
*15/*29,,CYP2B6 Indeterminate,none
*15/*30,,CYP2B6 Indeterminate,none
*15/*31,,CYP2B6 Indeterminate,none
*15/*32,,CYP2B6 Indeterminate,none
*15/*33,,CYP2B6 Indeterminate,none
*15/*34,,CYP2B6 Indeterminate,none
*15/*35,,CYP2B6 Indeterminate,none
*15/*36,,CYP2B6 Indeterminate,none
*15/*37,,CYP2B6 Indeterminate,none
*15/*38,,CYP2B6 Indeterminate,none
*15/*39,,CYP2B6 Indeterminate,none
*15/*40,,CYP2B6 Indeterminate,none
*15/*41,,CYP2B6 Indeterminate,none
*15/*42,,CYP2B6 Indeterminate,none
*15/*43,,CYP2B6 Indeterminate,none
*15/*44,,CYP2B6 Indeterminate,none
*15/*45,,CYP2B6 Indeterminate,none
*15/*46,,CYP2B6 Indeterminate,none
*15/*47,,CYP2B6 Indeterminate,none
*15/*48,,CYP2B6 Indeterminate,none
*15/*49,,CYP2B6 Indeterminate,none
*17/*17,,CYP2B6 Normal Metabolizer,Normal/Routine/Low Risk
*17/*18,,CYP2B6 Intermediate Metabolizer,Abnormal/Priority/High Risk
*17/*19,,CYP2B6 Intermediate Metabolizer,Abnormal/Priority/High Risk
*17/*20,,CYP2B6 Intermediate Metabolizer,Abnormal/Priority/High Risk
*17/*21,,CYP2B6 Indeterminate,none
*17/*22,,CYP2B6 Indeterminate,none
*17/*23,,CYP2B6 Indeterminate,none
*17/*24,,CYP2B6 Indeterminate,none
*17/*25,,CYP2B6 Indeterminate,none
*17/*26,,CYP2B6 Intermediate Metabolizer,Abnormal/Priority/High Risk
*17/*27,,CYP2B6 Indeterminate,none
*17/*28,,CYP2B6 Intermediate Metabolizer,Abnormal/Priority/High Risk
*17/*29,,CYP2B6 Intermediate Metabolizer,Abnormal/Priority/High Risk
*17/*30,,CYP2B6 Intermediate Metabolizer,Abnormal/Priority/High Risk
*17/*31,,CYP2B6 Normal Metabolizer,Normal/Routine/Low Risk
*17/*32,,CYP2B6 Normal Metabolizer,Normal/Routine/Low Risk
*17/*33,,CYP2B6 Indeterminate,none
*17/*34,,CYP2B6 Intermediate Metabolizer,Abnormal/Priority/High Risk
*17/*35,,CYP2B6 Indeterminate,none
*17/*36,,CYP2B6 Intermediate Metabolizer,Abnormal/Priority/High Risk
*17/*37,,CYP2B6 Intermediate Metabolizer,Abnormal/Priority/High Risk
*17/*38,,CYP2B6 Intermediate Metabolizer,Abnormal/Priority/High Risk
*17/*39,,CYP2B6 Intermediate Metabolizer,Abnormal/Priority/High Risk
*17/*40,,CYP2B6 Intermediate Metabolizer,Abnormal/Priority/High Risk
*17/*41,,CYP2B6 Intermediate Metabolizer,Abnormal/Priority/High Risk
*17/*42,,CYP2B6 Intermediate Metabolizer,Abnormal/Priority/High Risk
*17/*43,,CYP2B6 Intermediate Metabolizer,Abnormal/Priority/High Risk
*17/*44,,CYP2B6 Indeterminate,none
*17/*45,,CYP2B6 Indeterminate,none
*17/*46,,CYP2B6 Indeterminate,none
*17/*47,,CYP2B6 Indeterminate,none
*17/*48,,CYP2B6 Indeterminate,none
*17/*49,,CYP2B6 Indeterminate,none
*18/*18,,CYP2B6 Poor Metabolizer,Abnormal/Priority/High Risk
*18/*19,,CYP2B6 Poor Metabolizer,Abnormal/Priority/High Risk
*18/*20,,CYP2B6 Poor Metabolizer,Abnormal/Priority/High Risk
*18/*21,,CYP2B6 Indeterminate,none
*18/*22,,CYP2B6 Indeterminate,none
*18/*23,,CYP2B6 Indeterminate,none
*18/*24,,CYP2B6 Indeterminate,none
*18/*25,,CYP2B6 Indeterminate,none
*18/*26,,CYP2B6 Poor Metabolizer,Abnormal/Priority/High Risk
*18/*27,,CYP2B6 Indeterminate,none
*18/*28,,CYP2B6 Poor Metabolizer,Abnormal/Priority/High Risk
*18/*29,,CYP2B6 Poor Metabolizer,Abnormal/Priority/High Risk
*18/*30,,CYP2B6 Poor Metabolizer,Abnormal/Priority/High Risk
*18/*31,,CYP2B6 Intermediate Metabolizer,Abnormal/Priority/High Risk
*18/*32,,CYP2B6 Intermediate Metabolizer,Abnormal/Priority/High Risk
*18/*33,,CYP2B6 Indeterminate,none
*18/*34,,CYP2B6 Poor Metabolizer,Abnormal/Priority/High Risk
*18/*35,,CYP2B6 Indeterminate,none
*18/*36,,CYP2B6 Poor Metabolizer,Abnormal/Priority/High Risk
*18/*37,,CYP2B6 Poor Metabolizer,Abnormal/Priority/High Risk
*18/*38,,CYP2B6 Poor Metabolizer,Abnormal/Priority/High Risk
*18/*39,,CYP2B6 Poor Metabolizer,Abnormal/Priority/High Risk
*18/*40,,CYP2B6 Poor Metabolizer,Abnormal/Priority/High Risk
*18/*41,,CYP2B6 Poor Metabolizer,Abnormal/Priority/High Risk
*18/*42,,CYP2B6 Poor Metabolizer,Abnormal/Priority/High Risk
*18/*43,,CYP2B6 Poor Metabolizer,Abnormal/Priority/High Risk
*18/*44,,CYP2B6 Indeterminate,none
*18/*45,,CYP2B6 Indeterminate,none
*18/*46,,CYP2B6 Indeterminate,none
*18/*47,,CYP2B6 Indeterminate,none
*18/*48,,CYP2B6 Indeterminate,none
*18/*49,,CYP2B6 Indeterminate,none
*19/*19,,CYP2B6 Poor Metabolizer,Abnormal/Priority/High Risk
*19/*20,,CYP2B6 Poor Metabolizer,Abnormal/Priority/High Risk
*19/*21,,CYP2B6 Indeterminate,none
*19/*22,,CYP2B6 Indeterminate,none
*19/*23,,CYP2B6 Indeterminate,none
*19/*24,,CYP2B6 Indeterminate,none
*19/*25,,CYP2B6 Indeterminate,none
*19/*26,,CYP2B6 Poor Metabolizer,Abnormal/Priority/High Risk
*19/*27,,CYP2B6 Indeterminate,none
*19/*28,,CYP2B6 Poor Metabolizer,Abnormal/Priority/High Risk
*19/*29,,CYP2B6 Poor Metabolizer,Abnormal/Priority/High Risk
*19/*30,,CYP2B6 Poor Metabolizer,Abnormal/Priority/High Risk
*19/*31,,CYP2B6 Intermediate Metabolizer,Abnormal/Priority/High Risk
*19/*32,,CYP2B6 Intermediate Metabolizer,Abnormal/Priority/High Risk
*19/*33,,CYP2B6 Indeterminate,none
*19/*34,,CYP2B6 Poor Metabolizer,Abnormal/Priority/High Risk
*19/*35,,CYP2B6 Indeterminate,none
*19/*36,,CYP2B6 Poor Metabolizer,Abnormal/Priority/High Risk
*19/*37,,CYP2B6 Poor Metabolizer,Abnormal/Priority/High Risk
*19/*38,,CYP2B6 Poor Metabolizer,Abnormal/Priority/High Risk
*19/*39,,CYP2B6 Poor Metabolizer,Abnormal/Priority/High Risk
*19/*40,,CYP2B6 Poor Metabolizer,Abnormal/Priority/High Risk
*19/*41,,CYP2B6 Poor Metabolizer,Abnormal/Priority/High Risk
*19/*42,,CYP2B6 Poor Metabolizer,Abnormal/Priority/High Risk
*19/*43,,CYP2B6 Poor Metabolizer,Abnormal/Priority/High Risk
*19/*44,,CYP2B6 Indeterminate,none
*19/*45,,CYP2B6 Indeterminate,none
*19/*46,,CYP2B6 Indeterminate,none
*19/*47,,CYP2B6 Indeterminate,none
*19/*48,,CYP2B6 Indeterminate,none
*19/*49,,CYP2B6 Indeterminate,none
*20/*20,,CYP2B6 Poor Metabolizer,Abnormal/Priority/High Risk
*20/*21,,CYP2B6 Indeterminate,none
*20/*22,,CYP2B6 Indeterminate,none
*20/*23,,CYP2B6 Indeterminate,none
*20/*24,,CYP2B6 Indeterminate,none
*20/*25,,CYP2B6 Indeterminate,none
*20/*26,,CYP2B6 Poor Metabolizer,Abnormal/Priority/High Risk
*20/*27,,CYP2B6 Indeterminate,none
*20/*28,,CYP2B6 Poor Metabolizer,Abnormal/Priority/High Risk
*20/*29,,CYP2B6 Poor Metabolizer,Abnormal/Priority/High Risk
*20/*30,,CYP2B6 Poor Metabolizer,Abnormal/Priority/High Risk
*20/*31,,CYP2B6 Intermediate Metabolizer,Abnormal/Priority/High Risk
*20/*32,,CYP2B6 Intermediate Metabolizer,Abnormal/Priority/High Risk
*20/*33,,CYP2B6 Indeterminate,none
*20/*34,,CYP2B6 Poor Metabolizer,Abnormal/Priority/High Risk
*20/*35,,CYP2B6 Indeterminate,none
*20/*36,,CYP2B6 Poor Metabolizer,Abnormal/Priority/High Risk
*20/*37,,CYP2B6 Poor Metabolizer,Abnormal/Priority/High Risk
*20/*38,,CYP2B6 Poor Metabolizer,Abnormal/Priority/High Risk
*20/*39,,CYP2B6 Poor Metabolizer,Abnormal/Priority/High Risk
*20/*40,,CYP2B6 Poor Metabolizer,Abnormal/Priority/High Risk
*20/*41,,CYP2B6 Poor Metabolizer,Abnormal/Priority/High Risk
*20/*42,,CYP2B6 Poor Metabolizer,Abnormal/Priority/High Risk
*20/*43,,CYP2B6 Poor Metabolizer,Abnormal/Priority/High Risk
*20/*44,,CYP2B6 Indeterminate,none
*20/*45,,CYP2B6 Indeterminate,none
*20/*46,,CYP2B6 Indeterminate,none
*20/*47,,CYP2B6 Indeterminate,none
*20/*48,,CYP2B6 Indeterminate,none
*20/*49,,CYP2B6 Indeterminate,none
*21/*21,,CYP2B6 Indeterminate,none
*21/*22,,CYP2B6 Indeterminate,none
*21/*23,,CYP2B6 Indeterminate,none
*21/*24,,CYP2B6 Indeterminate,none
*21/*25,,CYP2B6 Indeterminate,none
*21/*26,,CYP2B6 Indeterminate,none
*21/*27,,CYP2B6 Indeterminate,none
*21/*28,,CYP2B6 Indeterminate,none
*21/*29,,CYP2B6 Indeterminate,none
*21/*30,,CYP2B6 Indeterminate,none
*21/*31,,CYP2B6 Indeterminate,none
*21/*32,,CYP2B6 Indeterminate,none
*21/*33,,CYP2B6 Indeterminate,none
*21/*34,,CYP2B6 Indeterminate,none
*21/*35,,CYP2B6 Indeterminate,none
*21/*36,,CYP2B6 Indeterminate,none
*21/*37,,CYP2B6 Indeterminate,none
*21/*38,,CYP2B6 Indeterminate,none
*21/*39,,CYP2B6 Indeterminate,none
*21/*40,,CYP2B6 Indeterminate,none
*21/*41,,CYP2B6 Indeterminate,none
*21/*42,,CYP2B6 Indeterminate,none
*21/*43,,CYP2B6 Indeterminate,none
*21/*44,,CYP2B6 Indeterminate,none
*21/*45,,CYP2B6 Indeterminate,none
*21/*46,,CYP2B6 Indeterminate,none
*21/*47,,CYP2B6 Indeterminate,none
*21/*48,,CYP2B6 Indeterminate,none
*21/*49,,CYP2B6 Indeterminate,none
*22/*22,,CYP2B6 Indeterminate,none
*22/*23,,CYP2B6 Indeterminate,none
*22/*24,,CYP2B6 Indeterminate,none
*22/*25,,CYP2B6 Indeterminate,none
*22/*26,,CYP2B6 Indeterminate,none
*22/*27,,CYP2B6 Indeterminate,none
*22/*28,,CYP2B6 Indeterminate,none
*22/*29,,CYP2B6 Indeterminate,none
*22/*30,,CYP2B6 Indeterminate,none
*22/*31,,CYP2B6 Indeterminate,none
*22/*32,,CYP2B6 Indeterminate,none
*22/*33,,CYP2B6 Indeterminate,none
*22/*34,,CYP2B6 Indeterminate,none
*22/*35,,CYP2B6 Indeterminate,none
*22/*36,,CYP2B6 Indeterminate,none
*22/*37,,CYP2B6 Indeterminate,none
*22/*38,,CYP2B6 Indeterminate,none
*22/*39,,CYP2B6 Indeterminate,none
*22/*40,,CYP2B6 Indeterminate,none
*22/*41,,CYP2B6 Indeterminate,none
*22/*42,,CYP2B6 Indeterminate,none
*22/*43,,CYP2B6 Indeterminate,none
*22/*44,,CYP2B6 Indeterminate,none
*22/*45,,CYP2B6 Indeterminate,none
*22/*46,,CYP2B6 Indeterminate,none
*22/*47,,CYP2B6 Indeterminate,none
*22/*48,,CYP2B6 Indeterminate,none
*22/*49,,CYP2B6 Indeterminate,none
*23/*23,,CYP2B6 Indeterminate,none
*23/*24,,CYP2B6 Indeterminate,none
*23/*25,,CYP2B6 Indeterminate,none
*23/*26,,CYP2B6 Indeterminate,none
*23/*27,,CYP2B6 Indeterminate,none
*23/*28,,CYP2B6 Indeterminate,none
*23/*29,,CYP2B6 Indeterminate,none
*23/*30,,CYP2B6 Indeterminate,none
*23/*31,,CYP2B6 Indeterminate,none
*23/*32,,CYP2B6 Indeterminate,none
*23/*33,,CYP2B6 Indeterminate,none
*23/*34,,CYP2B6 Indeterminate,none
*23/*35,,CYP2B6 Indeterminate,none
*23/*36,,CYP2B6 Indeterminate,none
*23/*37,,CYP2B6 Indeterminate,none
*23/*38,,CYP2B6 Indeterminate,none
*23/*39,,CYP2B6 Indeterminate,none
*23/*40,,CYP2B6 Indeterminate,none
*23/*41,,CYP2B6 Indeterminate,none
*23/*42,,CYP2B6 Indeterminate,none
*23/*43,,CYP2B6 Indeterminate,none
*23/*44,,CYP2B6 Indeterminate,none
*23/*45,,CYP2B6 Indeterminate,none
*23/*46,,CYP2B6 Indeterminate,none
*23/*47,,CYP2B6 Indeterminate,none
*23/*48,,CYP2B6 Indeterminate,none
*23/*49,,CYP2B6 Indeterminate,none
*24/*24,,CYP2B6 Indeterminate,none
*24/*25,,CYP2B6 Indeterminate,none
*24/*26,,CYP2B6 Indeterminate,none
*24/*27,,CYP2B6 Indeterminate,none
*24/*28,,CYP2B6 Indeterminate,none
*24/*29,,CYP2B6 Indeterminate,none
*24/*30,,CYP2B6 Indeterminate,none
*24/*31,,CYP2B6 Indeterminate,none
*24/*32,,CYP2B6 Indeterminate,none
*24/*33,,CYP2B6 Indeterminate,none
*24/*34,,CYP2B6 Indeterminate,none
*24/*35,,CYP2B6 Indeterminate,none
*24/*36,,CYP2B6 Indeterminate,none
*24/*37,,CYP2B6 Indeterminate,none
*24/*38,,CYP2B6 Indeterminate,none
*24/*39,,CYP2B6 Indeterminate,none
*24/*40,,CYP2B6 Indeterminate,none
*24/*41,,CYP2B6 Indeterminate,none
*24/*42,,CYP2B6 Indeterminate,none
*24/*43,,CYP2B6 Indeterminate,none
*24/*44,,CYP2B6 Indeterminate,none
*24/*45,,CYP2B6 Indeterminate,none
*24/*46,,CYP2B6 Indeterminate,none
*24/*47,,CYP2B6 Indeterminate,none
*24/*48,,CYP2B6 Indeterminate,none
*24/*49,,CYP2B6 Indeterminate,none
*25/*25,,CYP2B6 Indeterminate,none
*25/*26,,CYP2B6 Indeterminate,none
*25/*27,,CYP2B6 Indeterminate,none
*25/*28,,CYP2B6 Indeterminate,none
*25/*29,,CYP2B6 Indeterminate,none
*25/*30,,CYP2B6 Indeterminate,none
*25/*31,,CYP2B6 Indeterminate,none
*25/*32,,CYP2B6 Indeterminate,none
*25/*33,,CYP2B6 Indeterminate,none
*25/*34,,CYP2B6 Indeterminate,none
*25/*35,,CYP2B6 Indeterminate,none
*25/*36,,CYP2B6 Indeterminate,none
*25/*37,,CYP2B6 Indeterminate,none
*25/*38,,CYP2B6 Indeterminate,none
*25/*39,,CYP2B6 Indeterminate,none
*25/*40,,CYP2B6 Indeterminate,none
*25/*41,,CYP2B6 Indeterminate,none
*25/*42,,CYP2B6 Indeterminate,none
*25/*43,,CYP2B6 Indeterminate,none
*25/*44,,CYP2B6 Indeterminate,none
*25/*45,,CYP2B6 Indeterminate,none
*25/*46,,CYP2B6 Indeterminate,none
*25/*47,,CYP2B6 Indeterminate,none
*25/*48,,CYP2B6 Indeterminate,none
*25/*49,,CYP2B6 Indeterminate,none
*26/*26,,CYP2B6 Poor Metabolizer,Abnormal/Priority/High Risk
*26/*27,,CYP2B6 Indeterminate,none
*26/*28,,CYP2B6 Poor Metabolizer,Abnormal/Priority/High Risk
*26/*29,,CYP2B6 Poor Metabolizer,Abnormal/Priority/High Risk
*26/*30,,CYP2B6 Poor Metabolizer,Abnormal/Priority/High Risk
*26/*31,,CYP2B6 Intermediate Metabolizer,Abnormal/Priority/High Risk
*26/*32,,CYP2B6 Intermediate Metabolizer,Abnormal/Priority/High Risk
*26/*33,,CYP2B6 Indeterminate,none
*26/*34,,CYP2B6 Poor Metabolizer,Abnormal/Priority/High Risk
*26/*35,,CYP2B6 Indeterminate,none
*26/*36,,CYP2B6 Poor Metabolizer,Abnormal/Priority/High Risk
*26/*37,,CYP2B6 Poor Metabolizer,Abnormal/Priority/High Risk
*26/*38,,CYP2B6 Poor Metabolizer,Abnormal/Priority/High Risk
*26/*39,,CYP2B6 Poor Metabolizer,Abnormal/Priority/High Risk
*26/*40,,CYP2B6 Poor Metabolizer,Abnormal/Priority/High Risk
*26/*41,,CYP2B6 Poor Metabolizer,Abnormal/Priority/High Risk
*26/*42,,CYP2B6 Poor Metabolizer,Abnormal/Priority/High Risk
*26/*43,,CYP2B6 Poor Metabolizer,Abnormal/Priority/High Risk
*26/*44,,CYP2B6 Indeterminate,none
*26/*45,,CYP2B6 Indeterminate,none
*26/*46,,CYP2B6 Indeterminate,none
*26/*47,,CYP2B6 Indeterminate,none
*26/*48,,CYP2B6 Indeterminate,none
*26/*49,,CYP2B6 Indeterminate,none
*27/*27,,CYP2B6 Indeterminate,none
*27/*28,,CYP2B6 Indeterminate,none
*27/*29,,CYP2B6 Indeterminate,none
*27/*30,,CYP2B6 Indeterminate,none
*27/*31,,CYP2B6 Indeterminate,none
*27/*32,,CYP2B6 Indeterminate,none
*27/*33,,CYP2B6 Indeterminate,none
*27/*34,,CYP2B6 Indeterminate,none
*27/*35,,CYP2B6 Indeterminate,none
*27/*36,,CYP2B6 Indeterminate,none
*27/*37,,CYP2B6 Indeterminate,none
*27/*38,,CYP2B6 Indeterminate,none
*27/*39,,CYP2B6 Indeterminate,none
*27/*40,,CYP2B6 Indeterminate,none
*27/*41,,CYP2B6 Indeterminate,none
*27/*42,,CYP2B6 Indeterminate,none
*27/*43,,CYP2B6 Indeterminate,none
*27/*44,,CYP2B6 Indeterminate,none
*27/*45,,CYP2B6 Indeterminate,none
*27/*46,,CYP2B6 Indeterminate,none
*27/*47,,CYP2B6 Indeterminate,none
*27/*48,,CYP2B6 Indeterminate,none
*27/*49,,CYP2B6 Indeterminate,none
*28/*28,,CYP2B6 Poor Metabolizer,Abnormal/Priority/High Risk
*28/*29,,CYP2B6 Poor Metabolizer,Abnormal/Priority/High Risk
*28/*30,,CYP2B6 Poor Metabolizer,Abnormal/Priority/High Risk
*28/*31,,CYP2B6 Intermediate Metabolizer,Abnormal/Priority/High Risk
*28/*32,,CYP2B6 Intermediate Metabolizer,Abnormal/Priority/High Risk
*28/*33,,CYP2B6 Indeterminate,none
*28/*34,,CYP2B6 Poor Metabolizer,Abnormal/Priority/High Risk
*28/*35,,CYP2B6 Indeterminate,none
*28/*36,,CYP2B6 Poor Metabolizer,Abnormal/Priority/High Risk
*28/*37,,CYP2B6 Poor Metabolizer,Abnormal/Priority/High Risk
*28/*38,,CYP2B6 Poor Metabolizer,Abnormal/Priority/High Risk
*28/*39,,CYP2B6 Poor Metabolizer,Abnormal/Priority/High Risk
*28/*40,,CYP2B6 Poor Metabolizer,Abnormal/Priority/High Risk
*28/*41,,CYP2B6 Poor Metabolizer,Abnormal/Priority/High Risk
*28/*42,,CYP2B6 Poor Metabolizer,Abnormal/Priority/High Risk
*28/*43,,CYP2B6 Poor Metabolizer,Abnormal/Priority/High Risk
*28/*44,,CYP2B6 Indeterminate,none
*28/*45,,CYP2B6 Indeterminate,none
*28/*46,,CYP2B6 Indeterminate,none
*28/*47,,CYP2B6 Indeterminate,none
*28/*48,,CYP2B6 Indeterminate,none
*28/*49,,CYP2B6 Indeterminate,none
*29/*29,,CYP2B6 Poor Metabolizer,Abnormal/Priority/High Risk
*29/*30,,CYP2B6 Poor Metabolizer,Abnormal/Priority/High Risk
*29/*31,,CYP2B6 Intermediate Metabolizer,Abnormal/Priority/High Risk
*29/*32,,CYP2B6 Intermediate Metabolizer,Abnormal/Priority/High Risk
*29/*33,,CYP2B6 Indeterminate,none
*29/*34,,CYP2B6 Poor Metabolizer,Abnormal/Priority/High Risk
*29/*35,,CYP2B6 Indeterminate,none
*29/*36,,CYP2B6 Poor Metabolizer,Abnormal/Priority/High Risk
*29/*37,,CYP2B6 Poor Metabolizer,Abnormal/Priority/High Risk
*29/*38,,CYP2B6 Poor Metabolizer,Abnormal/Priority/High Risk
*29/*39,,CYP2B6 Poor Metabolizer,Abnormal/Priority/High Risk
*29/*40,,CYP2B6 Poor Metabolizer,Abnormal/Priority/High Risk
*29/*41,,CYP2B6 Poor Metabolizer,Abnormal/Priority/High Risk
*29/*42,,CYP2B6 Poor Metabolizer,Abnormal/Priority/High Risk
*29/*43,,CYP2B6 Poor Metabolizer,Abnormal/Priority/High Risk
*29/*44,,CYP2B6 Indeterminate,none
*29/*45,,CYP2B6 Indeterminate,none
*29/*46,,CYP2B6 Indeterminate,none
*29/*47,,CYP2B6 Indeterminate,none
*29/*48,,CYP2B6 Indeterminate,none
*29/*49,,CYP2B6 Indeterminate,none
*30/*30,,CYP2B6 Poor Metabolizer,Abnormal/Priority/High Risk
*30/*31,,CYP2B6 Intermediate Metabolizer,Abnormal/Priority/High Risk
*30/*32,,CYP2B6 Intermediate Metabolizer,Abnormal/Priority/High Risk
*30/*33,,CYP2B6 Indeterminate,none
*30/*34,,CYP2B6 Poor Metabolizer,Abnormal/Priority/High Risk
*30/*35,,CYP2B6 Indeterminate,none
*30/*36,,CYP2B6 Poor Metabolizer,Abnormal/Priority/High Risk
*30/*37,,CYP2B6 Poor Metabolizer,Abnormal/Priority/High Risk
*30/*38,,CYP2B6 Poor Metabolizer,Abnormal/Priority/High Risk
*30/*39,,CYP2B6 Poor Metabolizer,Abnormal/Priority/High Risk
*30/*40,,CYP2B6 Poor Metabolizer,Abnormal/Priority/High Risk
*30/*41,,CYP2B6 Poor Metabolizer,Abnormal/Priority/High Risk
*30/*42,,CYP2B6 Poor Metabolizer,Abnormal/Priority/High Risk
*30/*43,,CYP2B6 Poor Metabolizer,Abnormal/Priority/High Risk
*30/*44,,CYP2B6 Indeterminate,none
*30/*45,,CYP2B6 Indeterminate,none
*30/*46,,CYP2B6 Indeterminate,none
*30/*47,,CYP2B6 Indeterminate,none
*30/*48,,CYP2B6 Indeterminate,none
*30/*49,,CYP2B6 Indeterminate,none
*31/*31,,CYP2B6 Normal Metabolizer,Normal/Routine/Low Risk
*31/*32,,CYP2B6 Normal Metabolizer,Normal/Routine/Low Risk
*31/*33,,CYP2B6 Indeterminate,none
*31/*34,,CYP2B6 Intermediate Metabolizer,Abnormal/Priority/High Risk
*31/*35,,CYP2B6 Indeterminate,none
*31/*36,,CYP2B6 Intermediate Metabolizer,Abnormal/Priority/High Risk
*31/*37,,CYP2B6 Intermediate Metabolizer,Abnormal/Priority/High Risk
*31/*38,,CYP2B6 Intermediate Metabolizer,Abnormal/Priority/High Risk
*31/*39,,CYP2B6 Intermediate Metabolizer,Abnormal/Priority/High Risk
*31/*40,,CYP2B6 Intermediate Metabolizer,Abnormal/Priority/High Risk
*31/*41,,CYP2B6 Intermediate Metabolizer,Abnormal/Priority/High Risk
*31/*42,,CYP2B6 Intermediate Metabolizer,Abnormal/Priority/High Risk
*31/*43,,CYP2B6 Intermediate Metabolizer,Abnormal/Priority/High Risk
*31/*44,,CYP2B6 Indeterminate,none
*31/*45,,CYP2B6 Indeterminate,none
*31/*46,,CYP2B6 Indeterminate,none
*31/*47,,CYP2B6 Indeterminate,none
*31/*48,,CYP2B6 Indeterminate,none
*31/*49,,CYP2B6 Indeterminate,none
*32/*32,,CYP2B6 Normal Metabolizer,Normal/Routine/Low Risk
*32/*33,,CYP2B6 Indeterminate,none
*32/*34,,CYP2B6 Intermediate Metabolizer,Abnormal/Priority/High Risk
*32/*35,,CYP2B6 Indeterminate,none
*32/*36,,CYP2B6 Intermediate Metabolizer,Abnormal/Priority/High Risk
*32/*37,,CYP2B6 Intermediate Metabolizer,Abnormal/Priority/High Risk
*32/*38,,CYP2B6 Intermediate Metabolizer,Abnormal/Priority/High Risk
*32/*39,,CYP2B6 Intermediate Metabolizer,Abnormal/Priority/High Risk
*32/*40,,CYP2B6 Intermediate Metabolizer,Abnormal/Priority/High Risk
*32/*41,,CYP2B6 Intermediate Metabolizer,Abnormal/Priority/High Risk
*32/*42,,CYP2B6 Intermediate Metabolizer,Abnormal/Priority/High Risk
*32/*43,,CYP2B6 Intermediate Metabolizer,Abnormal/Priority/High Risk
*32/*44,,CYP2B6 Indeterminate,none
*32/*45,,CYP2B6 Indeterminate,none
*32/*46,,CYP2B6 Indeterminate,none
*32/*47,,CYP2B6 Indeterminate,none
*32/*48,,CYP2B6 Indeterminate,none
*32/*49,,CYP2B6 Indeterminate,none
*33/*33,,CYP2B6 Indeterminate,none
*33/*34,,CYP2B6 Indeterminate,none
*33/*35,,CYP2B6 Indeterminate,none
*33/*36,,CYP2B6 Indeterminate,none
*33/*37,,CYP2B6 Indeterminate,none
*33/*38,,CYP2B6 Indeterminate,none
*33/*39,,CYP2B6 Indeterminate,none
*33/*40,,CYP2B6 Indeterminate,none
*33/*41,,CYP2B6 Indeterminate,none
*33/*42,,CYP2B6 Indeterminate,none
*33/*43,,CYP2B6 Indeterminate,none
*33/*44,,CYP2B6 Indeterminate,none
*33/*45,,CYP2B6 Indeterminate,none
*33/*46,,CYP2B6 Indeterminate,none
*33/*47,,CYP2B6 Indeterminate,none
*33/*48,,CYP2B6 Indeterminate,none
*33/*49,,CYP2B6 Indeterminate,none
*34/*34,,CYP2B6 Poor Metabolizer,Abnormal/Priority/High Risk
*34/*35,,CYP2B6 Indeterminate,none
*34/*36,,CYP2B6 Poor Metabolizer,Abnormal/Priority/High Risk
*34/*37,,CYP2B6 Poor Metabolizer,Abnormal/Priority/High Risk
*34/*38,,CYP2B6 Poor Metabolizer,Abnormal/Priority/High Risk
*34/*39,,CYP2B6 Poor Metabolizer,Abnormal/Priority/High Risk
*34/*40,,CYP2B6 Poor Metabolizer,Abnormal/Priority/High Risk
*34/*41,,CYP2B6 Poor Metabolizer,Abnormal/Priority/High Risk
*34/*42,,CYP2B6 Poor Metabolizer,Abnormal/Priority/High Risk
*34/*43,,CYP2B6 Poor Metabolizer,Abnormal/Priority/High Risk
*34/*44,,CYP2B6 Indeterminate,none
*34/*45,,CYP2B6 Indeterminate,none
*34/*46,,CYP2B6 Indeterminate,none
*34/*47,,CYP2B6 Indeterminate,none
*34/*48,,CYP2B6 Indeterminate,none
*34/*49,,CYP2B6 Indeterminate,none
*35/*35,,CYP2B6 Indeterminate,none
*35/*36,,CYP2B6 Indeterminate,none
*35/*37,,CYP2B6 Indeterminate,none
*35/*38,,CYP2B6 Indeterminate,none
*35/*39,,CYP2B6 Indeterminate,none
*35/*40,,CYP2B6 Indeterminate,none
*35/*41,,CYP2B6 Indeterminate,none
*35/*42,,CYP2B6 Indeterminate,none
*35/*43,,CYP2B6 Indeterminate,none
*35/*44,,CYP2B6 Indeterminate,none
*35/*45,,CYP2B6 Indeterminate,none
*35/*46,,CYP2B6 Indeterminate,none
*35/*47,,CYP2B6 Indeterminate,none
*35/*48,,CYP2B6 Indeterminate,none
*35/*49,,CYP2B6 Indeterminate,none
*36/*36,,CYP2B6 Poor Metabolizer,Abnormal/Priority/High Risk
*36/*37,,CYP2B6 Poor Metabolizer,Abnormal/Priority/High Risk
*36/*38,,CYP2B6 Poor Metabolizer,Abnormal/Priority/High Risk
*36/*39,,CYP2B6 Poor Metabolizer,Abnormal/Priority/High Risk
*36/*40,,CYP2B6 Poor Metabolizer,Abnormal/Priority/High Risk
*36/*41,,CYP2B6 Poor Metabolizer,Abnormal/Priority/High Risk
*36/*42,,CYP2B6 Poor Metabolizer,Abnormal/Priority/High Risk
*36/*43,,CYP2B6 Poor Metabolizer,Abnormal/Priority/High Risk
*36/*44,,CYP2B6 Indeterminate,none
*36/*45,,CYP2B6 Indeterminate,none
*36/*46,,CYP2B6 Indeterminate,none
*36/*47,,CYP2B6 Indeterminate,none
*36/*48,,CYP2B6 Indeterminate,none
*36/*49,,CYP2B6 Indeterminate,none
*37/*37,,CYP2B6 Poor Metabolizer,Abnormal/Priority/High Risk
*37/*38,,CYP2B6 Poor Metabolizer,Abnormal/Priority/High Risk
*37/*39,,CYP2B6 Poor Metabolizer,Abnormal/Priority/High Risk
*37/*40,,CYP2B6 Poor Metabolizer,Abnormal/Priority/High Risk
*37/*41,,CYP2B6 Poor Metabolizer,Abnormal/Priority/High Risk
*37/*42,,CYP2B6 Poor Metabolizer,Abnormal/Priority/High Risk
*37/*43,,CYP2B6 Poor Metabolizer,Abnormal/Priority/High Risk
*37/*44,,CYP2B6 Indeterminate,none
*37/*45,,CYP2B6 Indeterminate,none
*37/*46,,CYP2B6 Indeterminate,none
*37/*47,,CYP2B6 Indeterminate,none
*37/*48,,CYP2B6 Indeterminate,none
*37/*49,,CYP2B6 Indeterminate,none
*38/*38,,CYP2B6 Poor Metabolizer,Abnormal/Priority/High Risk
*38/*39,,CYP2B6 Poor Metabolizer,Abnormal/Priority/High Risk
*38/*40,,CYP2B6 Poor Metabolizer,Abnormal/Priority/High Risk
*38/*41,,CYP2B6 Poor Metabolizer,Abnormal/Priority/High Risk
*38/*42,,CYP2B6 Poor Metabolizer,Abnormal/Priority/High Risk
*38/*43,,CYP2B6 Poor Metabolizer,Abnormal/Priority/High Risk
*38/*44,,CYP2B6 Indeterminate,none
*38/*45,,CYP2B6 Indeterminate,none
*38/*46,,CYP2B6 Indeterminate,none
*38/*47,,CYP2B6 Indeterminate,none
*38/*48,,CYP2B6 Indeterminate,none
*38/*49,,CYP2B6 Indeterminate,none
*39/*39,,CYP2B6 Poor Metabolizer,Abnormal/Priority/High Risk
*39/*40,,CYP2B6 Poor Metabolizer,Abnormal/Priority/High Risk
*39/*41,,CYP2B6 Poor Metabolizer,Abnormal/Priority/High Risk
*39/*42,,CYP2B6 Poor Metabolizer,Abnormal/Priority/High Risk
*39/*43,,CYP2B6 Poor Metabolizer,Abnormal/Priority/High Risk
*39/*44,,CYP2B6 Indeterminate,none
*39/*45,,CYP2B6 Indeterminate,none
*39/*46,,CYP2B6 Indeterminate,none
*39/*47,,CYP2B6 Indeterminate,none
*39/*48,,CYP2B6 Indeterminate,none
*39/*49,,CYP2B6 Indeterminate,none
*40/*40,,CYP2B6 Poor Metabolizer,Abnormal/Priority/High Risk
*40/*41,,CYP2B6 Poor Metabolizer,Abnormal/Priority/High Risk
*40/*42,,CYP2B6 Poor Metabolizer,Abnormal/Priority/High Risk
*40/*43,,CYP2B6 Poor Metabolizer,Abnormal/Priority/High Risk
*40/*44,,CYP2B6 Indeterminate,none
*40/*45,,CYP2B6 Indeterminate,none
*40/*46,,CYP2B6 Indeterminate,none
*40/*47,,CYP2B6 Indeterminate,none
*40/*48,,CYP2B6 Indeterminate,none
*40/*49,,CYP2B6 Indeterminate,none
*41/*41,,CYP2B6 Poor Metabolizer,Abnormal/Priority/High Risk
*41/*42,,CYP2B6 Poor Metabolizer,Abnormal/Priority/High Risk
*41/*43,,CYP2B6 Poor Metabolizer,Abnormal/Priority/High Risk
*41/*44,,CYP2B6 Indeterminate,none
*41/*45,,CYP2B6 Indeterminate,none
*41/*46,,CYP2B6 Indeterminate,none
*41/*47,,CYP2B6 Indeterminate,none
*41/*48,,CYP2B6 Indeterminate,none
*41/*49,,CYP2B6 Indeterminate,none
*42/*42,,CYP2B6 Poor Metabolizer,Abnormal/Priority/High Risk
*42/*43,,CYP2B6 Poor Metabolizer,Abnormal/Priority/High Risk
*42/*44,,CYP2B6 Indeterminate,none
*42/*45,,CYP2B6 Indeterminate,none
*42/*46,,CYP2B6 Indeterminate,none
*42/*47,,CYP2B6 Indeterminate,none
*42/*48,,CYP2B6 Indeterminate,none
*42/*49,,CYP2B6 Indeterminate,none
*43/*43,,CYP2B6 Poor Metabolizer,Abnormal/Priority/High Risk
*43/*44,,CYP2B6 Indeterminate,none
*43/*45,,CYP2B6 Indeterminate,none
*43/*46,,CYP2B6 Indeterminate,none
*43/*47,,CYP2B6 Indeterminate,none
*43/*48,,CYP2B6 Indeterminate,none
*43/*49,,CYP2B6 Indeterminate,none
*44/*44,,CYP2B6 Indeterminate,none
*44/*45,,CYP2B6 Indeterminate,none
*44/*46,,CYP2B6 Indeterminate,none
*44/*47,,CYP2B6 Indeterminate,none
*44/*48,,CYP2B6 Indeterminate,none
*44/*49,,CYP2B6 Indeterminate,none
*45/*45,,CYP2B6 Indeterminate,none
*45/*46,,CYP2B6 Indeterminate,none
*45/*47,,CYP2B6 Indeterminate,none
*45/*48,,CYP2B6 Indeterminate,none
*45/*49,,CYP2B6 Indeterminate,none
*46/*46,,CYP2B6 Indeterminate,none
*46/*47,,CYP2B6 Indeterminate,none
*46/*48,,CYP2B6 Indeterminate,none
*46/*49,,CYP2B6 Indeterminate,none
*47/*47,,CYP2B6 Indeterminate,none
*47/*48,,CYP2B6 Indeterminate,none
*47/*49,,CYP2B6 Indeterminate,none
*48/*48,,CYP2B6 Indeterminate,none
*48/*49,,CYP2B6 Indeterminate,none
*49/*49,,CYP2B6 Indeterminate,none
