Nucleotide change per gene from https://www.pharmvar.org,18833C>A,18726C>G,18692A>G,18200G>A,18199C>T,17991G>A,11594C>G,7941G>T,7207G>T,5233C>T,5214C>T,5071G>A,2086G>A,2085C>T,2061A>G,2052C>A,146G>A,139C>T,46G>C,34T>G,Structural Variation
Effect on protein (NP_001073.3),p.L519M,p.A483G,p.T472A,p.R444H,p.R444C,p.V433M,p.L341V,p.A224S,p.G185V,p.T152M,p.R146C,p.E129L,p.R108Q,p.R108W,p.S100G,p.P97T,p.R49Q,p.R74C,p.A16P,p.W12G,
"Position at NC_000019.10 (Homo sapiens chromosome 19, GRCh38.p2)",g.15878779G>T,g.15878886G>C,g.15878920T>C,g.15879412C>T,g.15879413G>A,g.15879621C>T,g.15886018G>C,g.15889671C>A,g.15890405C>A,g.15892379G>A,g.15892398G>A,g.15892541C>T,g.15895526C>T,g.15895527G>A,g.15895551T>C,g.15895560G>T,g.15897466C>T,g.15897473G>A,g.15897566C>G,g.15897578A>C,
Position at NG_007971.2 (CYP4F2 RefSeqGene),g.24296C>A,g.24189C>G,g.24155A>G,g.23663G>A,g.23662C>T,g.23454G>A,g.17057C>G,g.13404G>T,g.12670G>T,g.10696C>T,g.10677C>T,g.10534G>A,g.7549G>A,g.7548C>T,g.7524A>G,g.7515C>A,g.5609G>A,g.5602C>T,g.5509G>C,g.5497T>G,
rsID,rs3093200,rs3952537,rs4020346,rs138971789,rs142113670,rs2108622,rs145174239,rs144233412,rs3093153,rs200629062,rs556151888,rs145875499,rs148396222,rs114396708,rs150579280,rs144455532,rs201380574,rs115517770,rs114099324,rs3093105,
CYP4F2 Allele,,,,,,,,,,,,,,,,,,,,,
*1,G,G,T,C,G,C,G,C,C,G,G,C,C,G,T,G,C,G,C,A,
*2,,,,,,,,,,,,,,,,,,,,C,
*3,,,,,,T,,,,,,,,,,,,,,,
*4,,,,,,T,,,,,,,,,,,,,,C,
*5,T,,,,,,,,,,,,,,,,,,,,
*6,,,,,,,,,A,,,,,,,,,,,,
*7,,,,,,,,,,,,,,,,,,,G,,
*8,,,,,,,,,,,,,,,,,,A,,,
*9,,,,,,,,,,,,,,,,,T,,,,
*10,,,,,,,,,,,,,,,,T,,,,,
*11,,,,,,,,,,,,,,A,,,,,,,
*12,,,,,,,,,,,,T,,,,,,,,,
*13,,,,,,,,A,,,,,,,,,,,,,
*14,,,,,,,C,,,,,,,,,,,,,,
*15,,,,T,,,,,,,,,,,,,,,,,
*16,,,,,,,,,,,,,,,,,,,,,PV02312
*17,,,C,,,,,,,,,,,,,,,,,,
*18,,,,,,,,,,,,,T,,,,,,,,
*19,,C,,,,,,,,,,,,,,,,,,,
*20,,,,,,,,,,A,,,,,,,,,,,
*21,,,,,A,,,,,,,,,,,,,,,,
*22,,,,,,T,,,,,,,,,C,,,,,,
*23,T,,,,,,,,,,A,,,,,,,,,,
