Legacy Name/Class,c.3067C>A,c.3061G>C,c.3049G>A,c.2983G>T,c.2978T>G,c.2977C>T,c.2933A>G,c.2921A>T,c.2915A>G,c.2872A>G,c.2846A>T,c.2657G>A,c.2656C>T,c.2639G>T,c.2623A>C,c.2582A>G,c.2482G>A,c.2336C>A,c.2303C>A,c.2279C>T,c.2195T>G,c.2194G>A,c.2186C>T,c.2161G>A,c.2021G>A,c.1990G>T,c.1906A>C,c.1905+1G>A,c.1905C>G,c.1898del,c.1896T>C,c.1796T>C,c.1777G>A,c.1775G>A,c.1774C>T,c.1682G>T,c.1679T>G,c.1627A>G,c.1615G>A,c.1601G>A,c.1577C>G,c.1543G>A,c.1519G>A,c.1484A>G,c.1475C>T,c.1403C>A,c.1371C>T,c.1358C>G,c.1349C>T,c.1314T>G,c.1294G>A,c.1278G>T,c.1260T>A,c.1236G>A,c.1218G>A,c.1181G>T,c.1180C>T,c.1156G>T,c.1129-5923C>G,c.1108A>G,c.1057C>T,c.1024G>A,c.1003G>T,c.967G>A,c.934C>T,c.929T>C,c.868A>G,c.775A>G,c.703C>T,c.632A>G,c.601A>C,c.557A>G,c.525G>A,c.498G>A,c.496A>G,c.451A>G,c.343A>G,c.313G>A,c.299_302del,c.85T>C,c.62G>A,c.61C>T,c.46C>G
Effect on protein (NP_000101.2),p.P1023T,p.V1021L,p.V1017I,p.V995F,p.L993R,p.L993F,p.H978R,p.D974V,p.Q972R,p.K958E,p.D949V,p.R886H,p.R886C,p.G880V,p.K875Q,p.K861R,p.E828K,p.T779N,p.T768K,p.T760I,p.V732G,p.V732I,p.A729V,p.A721T,p.G674D,p.A664S,p.I636L,splicing defect,p.N635K,p.P633Qfs,p.F632F,p.M599T,p.G593R,p.R592Q,p.R592W,p.R561L,p.I560S,p.I543V,p.G539R,p.S534N,p.T526S,p.V515I,p.V507I,p.D495G,p.S492L,p.T468N,p.N457N,p.P453R,p.A450V,p.F438L,p.D432N,p.M426I,p.N420K,,p.M406I,p.R394L,p.R394W,p.E386X,splicing defect,p.I370V,p.R353C,p.D342N,p.V335L,p.A323T,p.L312F,p.L310S,p.K290E,p.K259E,p.R235W,p.Y211C,p.S201R,p.Y186C,p.S175S,p.M166I,p.M166V,p.N151D,p.M115V,p.A105T,,p.C29R,p.R21Q,p.R21X,p.L16V
"Position at NC_000001.11 (Homo sapiens chromosome 1, GRCh38.p2)",g.97078987G>T,g.97078993C>G,g.97079005C>T,g.97079071C>A,g.97079076A>C,g.97079077G>A,g.97079121T>C,g.97079133T>A,g.97079139T>C,g.97082365T>C,g.97082391T>A,g.97098598C>T,g.97098599G>A,g.97098616C>A,g.97098632T>G,g.97193109T>C,g.97193209C>T,g.97234958G>T,g.97234991G>T,g.97305279G>A,g.97305363A>C,g.97305364C>T,g.97305372G>A,g.97306195C>T,g.97373598C>T,g.97373629C>A,g.97382461T>G,g.97450058C>T,g.97450059G>C,g.97450067del,g.97450068A>G,g.97450168A>G,g.97450187C>T,g.97450189C>T,g.97450190G>A,g.97515784C>A,g.97515787A>C,g.97515839T>C,g.97515851C>T,g.97515865C>T,g.97515889G>C,g.97515923C>T,g.97549565C>T,g.97549600T>C,g.97549609G>A,g.97549681G>T,g.97549713G>A,g.97549726G>C,g.97549735G>A,g.97573785A>C,g.97573805C>T,g.97573821C>A,g.97573839A>T,g.97573863C>T,g.97573881C>T,g.97573918C>A,g.97573919G>A,g.97573943C>A,g.97579893G>C,g.97593238T>C,g.97593289G>A,g.97593322C>T,g.97593343C>A,g.97593379C>T,g.97595083G>A,g.97595088A>G,g.97595149T>C,g.97679170T>C,g.97691776G>A,g.97699399T>C,g.97699430T>G,g.97699474T>C,g.97699506C>T,g.97699533C>T,g.97699535T>C,g.97721542T>C,g.97721650T>C,g.97740400C>T,g.97740411ATGA[1],g.97883329A>G,g.97883352C>T,g.97883353G>A,g.97883368G>C
Position at NG_008807.2 (DPYD RefSeqGene),g.847073C>A,g.847067G>C,g.847055G>A,g.846989G>T,g.846984T>G,g.846983C>T,g.846939A>G,g.846927A>T,g.846921A>G,g.843695A>G,g.843669A>T,g.827462G>A,g.827461C>T,g.827444G>T,g.827428A>C,g.732951A>G,g.732851G>A,g.691102C>A,g.691069C>A,g.620781C>T,g.620697T>G,g.620696G>A,g.620688C>T,g.619865G>A,g.552462G>A,g.552431G>T,g.543599A>C,g.476002G>A,g.476001C>G,g.475994del,g.475992T>C,g.475892T>C,g.475873G>A,g.475871G>A,g.475870C>T,g.410276G>T,g.410273T>G,g.410221A>G,g.410209G>A,g.410195G>A,g.410171C>G,g.410137G>A,g.376495G>A,g.376460A>G,g.376451C>T,g.376379C>A,g.376347C>T,g.376334C>G,g.376325C>T,g.352275T>G,g.352255G>A,g.352239G>T,g.352221T>A,g.352197G>A,g.352179G>A,g.352142G>T,g.352141C>T,g.352117G>T,g.346167C>G,g.332822A>G,g.332771C>T,g.332738G>A,g.332717G>T,g.332681G>A,g.330977C>T,g.330972T>C,g.330911A>G,g.246890A>G,g.234284C>T,g.226661A>G,g.226630A>C,g.226586A>G,g.226554G>A,g.226527G>A,g.226525A>G,g.204518A>G,g.204410A>G,g.185660G>A,g.185642TCAT[1],g.42731T>C,g.42708G>A,g.42707C>T,g.42692C>G
rsID,rs114096998,rs148799944,rs140114515,rs1801268,rs139459586,rs202144771,rs72547601,rs72547602,rs145529148,rs141044036,rs67376798,rs1801267,rs147545709,rs55674432,rs201035051,rs60139309,rs200687447,rs199634007,rs56005131,rs112766203,rs60511679,rs1801160,rs146529561,rs145548112,rs137999090,rs138545885,rs55971861,rs3918290,rs3918289,rs72549303,rs17376848,rs147601618,rs145773863,rs138616379,rs59086055,rs201615754,rs55886062,rs1801159,rs142619737,rs1801158,rs190951787,rs148994843,rs138391898,rs111858276,rs72549304,rs199549923,rs57918000,rs144395748,rs72975710,rs186169810,rs142512579,rs764666241,rs200064537,rs56038477,rs61622928,rs143815742,rs140602333,rs78060119,rs75017182,rs72549305,rs143154602,rs183385770,rs72549306,rs201018345,rs145112791,rs150437414,rs146356975,rs45589337,rs1801266,rs72549307,rs72549308,rs115232898,rs6670886,rs139834141,rs2297595,rs200562975,rs141462178,rs150385342,rs72549309,rs1801265,rs80081766,rs72549310,rs150036960
DPYD Allele,,,,,,,,,,,,,,,,,,,,,,,,,,,,,,,,,,,,,,,,,,,,,,,,,,,,,,,,,,,,,,,,,,,,,,,,,,,,,,,,,,,
Reference,G,C,C,C,A,G,T,T,T,T,T,C,G,C,T,T,C,G,G,G,A,C,G,C,C,C,T,C,G,G,A,A,C,C,G,C,A,T,C,C,G,C,C,T,G,G,G,G,G,A,C,C,A,C,C,C,G,C,G,T,G,C,C,C,G,A,T,T,G,T,T,T,C,C,T,T,T,C,ATGA(2),A,C,G,G
c.46C>G,,,,,,,,,,,,,,,,,,,,,,,,,,,,,,,,,,,,,,,,,,,,,,,,,,,,,,,,,,,,,,,,,,,,,,,,,,,,,,,,,,,C
c.61C>T,,,,,,,,,,,,,,,,,,,,,,,,,,,,,,,,,,,,,,,,,,,,,,,,,,,,,,,,,,,,,,,,,,,,,,,,,,,,,,,,,,A,
c.62G>A,,,,,,,,,,,,,,,,,,,,,,,,,,,,,,,,,,,,,,,,,,,,,,,,,,,,,,,,,,,,,,,,,,,,,,,,,,,,,,,,,T,,
c.295_298delTCAT (*7),,,,,,,,,,,,,,,,,,,,,,,,,,,,,,,,,,,,,,,,,,,,,,,,,,,,,,,,,,,,,,,,,,,,,,,,,,,,,,,ATGA(1),,,,
c.85T>C (*9A),,,,,,,,,,,,,,,,,,,,,,,,,,,,,,,,,,,,,,,,,,,,,,,,,,,,,,,,,,,,,,,,,,,,,,,,,,,,,,,,G,,,
c.313G>A,,,,,,,,,,,,,,,,,,,,,,,,,,,,,,,,,,,,,,,,,,,,,,,,,,,,,,,,,,,,,,,,,,,,,,,,,,,,,,T,,,,,
c.343A>G,,,,,,,,,,,,,,,,,,,,,,,,,,,,,,,,,,,,,,,,,,,,,,,,,,,,,,,,,,,,,,,,,,,,,,,,,,,,,C,,,,,,
c.451A>G,,,,,,,,,,,,,,,,,,,,,,,,,,,,,,,,,,,,,,,,,,,,,,,,,,,,,,,,,,,,,,,,,,,,,,,,,,,,C,,,,,,,
c.496A>G,,,,,,,,,,,,,,,,,,,,,,,,,,,,,,,,,,,,,,,,,,,,,,,,,,,,,,,,,,,,,,,,,,,,,,,,,,,C,,,,,,,,
c.498G>A,,,,,,,,,,,,,,,,,,,,,,,,,,,,,,,,,,,,,,,,,,,,,,,,,,,,,,,,,,,,,,,,,,,,,,,,,,T,,,,,,,,,
c.525G>A,,,,,,,,,,,,,,,,,,,,,,,,,,,,,,,,,,,,,,,,,,,,,,,,,,,,,,,,,,,,,,,,,,,,,,,,,T,,,,,,,,,,
c.557A>G,,,,,,,,,,,,,,,,,,,,,,,,,,,,,,,,,,,,,,,,,,,,,,,,,,,,,,,,,,,,,,,,,,,,,,,,C,,,,,,,,,,,
c.601A>C,,,,,,,,,,,,,,,,,,,,,,,,,,,,,,,,,,,,,,,,,,,,,,,,,,,,,,,,,,,,,,,,,,,,,,,G,,,,,,,,,,,,
c.632A>G,,,,,,,,,,,,,,,,,,,,,,,,,,,,,,,,,,,,,,,,,,,,,,,,,,,,,,,,,,,,,,,,,,,,,,C,,,,,,,,,,,,,
c.1003G>T (*11),,,,,,,,,,,,,,,,,,,,,,,,,,,,,,,,,,,,,,,,,,,,,,,,,,,,,,,,,,,,,,,A,,,,,,,,,,,,,,,,,,,,
c.1156G>T (*12),,,,,,,,,,,,,,,,,,,,,,,,,,,,,,,,,,,,,,,,,,,,,,,,,,,,,,,,,,A,,,,,,,,,,,,,,,,,,,,,,,,,
c.1601G>A (*4),,,,,,,,,,,,,,,,,,,,,,,,,,,,,,,,,,,,,,,,T,,,,,,,,,,,,,,,,,,,,,,,,,,,,,,,,,,,,,,,,,,,
c.1627A>G (*5),,,,,,,,,,,,,,,,,,,,,,,,,,,,,,,,,,,,,,C,,,,,,,,,,,,,,,,,,,,,,,,,,,,,,,,,,,,,,,,,,,,,
c.1679T>G (*13),,,,,,,,,,,,,,,,,,,,,,,,,,,,,,,,,,,,,C,,,,,,,,,,,,,,,,,,,,,,,,,,,,,,,,,,,,,,,,,,,,,,
c.1898delC (*3),,,,,,,,,,,,,,,,,,,,,,,,,,,,,,delG,,,,,,,,,,,,,,,,,,,,,,,,,,,,,,,,,,,,,,,,,,,,,,,,,,,,,
c.1905+1G>A (*2A),,,,,,,,,,,,,,,,,,,,,,,,,,,,T,,,,,,,,,,,,,,,,,,,,,,,,,,,,,,,,,,,,,,,,,,,,,,,,,,,,,,,
c.2194G>A (*6),,,,,,,,,,,,,,,,,,,,,,T,,,,,,,,,,,,,,,,,,,,,,,,,,,,,,,,,,,,,,,,,,,,,,,,,,,,,,,,,,,,,
c.703C>T (*8),,,,,,,,,,,,,,,,,,,,,,,,,,,,,,,,,,,,,,,,,,,,,,,,,,,,,,,,,,,,,,,,,,,,,A,,,,,,,,,,,,,,
c.775A>G,,,,,,,,,,,,,,,,,,,,,,,,,,,,,,,,,,,,,,,,,,,,,,,,,,,,,,,,,,,,,,,,,,,,C,,,,,,,,,,,,,,,
c.868A>G,,,,,,,,,,,,,,,,,,,,,,,,,,,,,,,,,,,,,,,,,,,,,,,,,,,,,,,,,,,,,,,,,,,C,,,,,,,,,,,,,,,,
c.929T>C,,,,,,,,,,,,,,,,,,,,,,,,,,,,,,,,,,,,,,,,,,,,,,,,,,,,,,,,,,,,,,,,,,G,,,,,,,,,,,,,,,,,
c.934C>T,,,,,,,,,,,,,,,,,,,,,,,,,,,,,,,,,,,,,,,,,,,,,,,,,,,,,,,,,,,,,,,,,A,,,,,,,,,,,,,,,,,,
c.967G>A,,,,,,,,,,,,,,,,,,,,,,,,,,,,,,,,,,,,,,,,,,,,,,,,,,,,,,,,,,,,,,,,T,,,,,,,,,,,,,,,,,,,
c.1024G>A,,,,,,,,,,,,,,,,,,,,,,,,,,,,,,,,,,,,,,,,,,,,,,,,,,,,,,,,,,,,,,T,,,,,,,,,,,,,,,,,,,,,
c.1057C>T,,,,,,,,,,,,,,,,,,,,,,,,,,,,,,,,,,,,,,,,,,,,,,,,,,,,,,,,,,,,,A,,,,,,,,,,,,,,,,,,,,,,
c.1108A>G,,,,,,,,,,,,,,,,,,,,,,,,,,,,,,,,,,,,,,,,,,,,,,,,,,,,,,,,,,,,C,,,,,,,,,,,,,,,,,,,,,,,
c.1129-5923C>G,,,,,,,,,,,,,,,,,,,,,,,,,,,,,,,,,,,,,,,,,,,,,,,,,,,,,,,,,,,C,,,,,,,,,,,,,,,,,,,,,,,,
"c.1129-5923C>G, c.1236G>A (HapB3)",,,,,,,,,,,,,,,,,,,,,,,,,,,,,,,,,,,,,,,,,,,,,,,,,,,,,,T,,,,,C,,,,,,,,,,,,,,,,,,,,,,,,
c.1180C>T,,,,,,,,,,,,,,,,,,,,,,,,,,,,,,,,,,,,,,,,,,,,,,,,,,,,,,,,,A,,,,,,,,,,,,,,,,,,,,,,,,,,
c.1181G>T,,,,,,,,,,,,,,,,,,,,,,,,,,,,,,,,,,,,,,,,,,,,,,,,,,,,,,,,A,,,,,,,,,,,,,,,,,,,,,,,,,,,
c.1218G>A,,,,,,,,,,,,,,,,,,,,,,,,,,,,,,,,,,,,,,,,,,,,,,,,,,,,,,,T,,,,,,,,,,,,,,,,,,,,,,,,,,,,
c.1260T>A,,,,,,,,,,,,,,,,,,,,,,,,,,,,,,,,,,,,,,,,,,,,,,,,,,,,,T,,,,,,,,,,,,,,,,,,,,,,,,,,,,,,
c.1278G>T,,,,,,,,,,,,,,,,,,,,,,,,,,,,,,,,,,,,,,,,,,,,,,,,,,,,A,,,,,,,,,,,,,,,,,,,,,,,,,,,,,,,
c.1294G>A,,,,,,,,,,,,,,,,,,,,,,,,,,,,,,,,,,,,,,,,,,,,,,,,,,,T,,,,,,,,,,,,,,,,,,,,,,,,,,,,,,,,
c.1314T>G,,,,,,,,,,,,,,,,,,,,,,,,,,,,,,,,,,,,,,,,,,,,,,,,,,C,,,,,,,,,,,,,,,,,,,,,,,,,,,,,,,,,
c.1349C>T,,,,,,,,,,,,,,,,,,,,,,,,,,,,,,,,,,,,,,,,,,,,,,,,,A,,,,,,,,,,,,,,,,,,,,,,,,,,,,,,,,,,
c.1358C>G,,,,,,,,,,,,,,,,,,,,,,,,,,,,,,,,,,,,,,,,,,,,,,,,C,,,,,,,,,,,,,,,,,,,,,,,,,,,,,,,,,,,
c.1371C>T,,,,,,,,,,,,,,,,,,,,,,,,,,,,,,,,,,,,,,,,,,,,,,,A,,,,,,,,,,,,,,,,,,,,,,,,,,,,,,,,,,,,
c.1403C>A,,,,,,,,,,,,,,,,,,,,,,,,,,,,,,,,,,,,,,,,,,,,,,T,,,,,,,,,,,,,,,,,,,,,,,,,,,,,,,,,,,,,
c.1475C>T,,,,,,,,,,,,,,,,,,,,,,,,,,,,,,,,,,,,,,,,,,,,,A,,,,,,,,,,,,,,,,,,,,,,,,,,,,,,,,,,,,,,
c.1484A>G,,,,,,,,,,,,,,,,,,,,,,,,,,,,,,,,,,,,,,,,,,,,C,,,,,,,,,,,,,,,,,,,,,,,,,,,,,,,,,,,,,,,
c.1519G>A,,,,,,,,,,,,,,,,,,,,,,,,,,,,,,,,,,,,,,,,,,,T,,,,,,,,,,,,,,,,,,,,,,,,,,,,,,,,,,,,,,,,
c.1543G>A,,,,,,,,,,,,,,,,,,,,,,,,,,,,,,,,,,,,,,,,,,T,,,,,,,,,,,,,,,,,,,,,,,,,,,,,,,,,,,,,,,,,
c.1577C>G,,,,,,,,,,,,,,,,,,,,,,,,,,,,,,,,,,,,,,,,,C,,,,,,,,,,,,,,,,,,,,,,,,,,,,,,,,,,,,,,,,,,
c.1615G>A,,,,,,,,,,,,,,,,,,,,,,,,,,,,,,,,,,,,,,,T,,,,,,,,,,,,,,,,,,,,,,,,,,,,,,,,,,,,,,,,,,,,
c.1682G>T,,,,,,,,,,,,,,,,,,,,,,,,,,,,,,,,,,,,A,,,,,,,,,,,,,,,,,,,,,,,,,,,,,,,,,,,,,,,,,,,,,,,
c.1774C>T,,,,,,,,,,,,,,,,,,,,,,,,,,,,,,,,,,,A,,,,,,,,,,,,,,,,,,,,,,,,,,,,,,,,,,,,,,,,,,,,,,,,
c.1775G>A,,,,,,,,,,,,,,,,,,,,,,,,,,,,,,,,,,T,,,,,,,,,,,,,,,,,,,,,,,,,,,,,,,,,,,,,,,,,,,,,,,,,
c.1777G>A,,,,,,,,,,,,,,,,,,,,,,,,,,,,,,,,,T,,,,,,,,,,,,,,,,,,,,,,,,,,,,,,,,,,,,,,,,,,,,,,,,,,
c.1796T>C,,,,,,,,,,,,,,,,,,,,,,,,,,,,,,,,G,,,,,,,,,,,,,,,,,,,,,,,,,,,,,,,,,,,,,,,,,,,,,,,,,,,
c.1896T>C,,,,,,,,,,,,,,,,,,,,,,,,,,,,,,,G,,,,,,,,,,,,,,,,,,,,,,,,,,,,,,,,,,,,,,,,,,,,,,,,,,,,
c.1905C>G,,,,,,,,,,,,,,,,,,,,,,,,,,,,,C,,,,,,,,,,,,,,,,,,,,,,,,,,,,,,,,,,,,,,,,,,,,,,,,,,,,,,
c.1906A>C,,,,,,,,,,,,,,,,,,,,,,,,,,,G,,,,,,,,,,,,,,,,,,,,,,,,,,,,,,,,,,,,,,,,,,,,,,,,,,,,,,,,
c.1990G>T,,,,,,,,,,,,,,,,,,,,,,,,,,A,,,,,,,,,,,,,,,,,,,,,,,,,,,,,,,,,,,,,,,,,,,,,,,,,,,,,,,,,
c.2021G>A,,,,,,,,,,,,,,,,,,,,,,,,,T,,,,,,,,,,,,,,,,,,,,,,,,,,,,,,,,,,,,,,,,,,,,,,,,,,,,,,,,,,
c.2161G>A,,,,,,,,,,,,,,,,,,,,,,,,T,,,,,,,,,,,,,,,,,,,,,,,,,,,,,,,,,,,,,,,,,,,,,,,,,,,,,,,,,,,
c.2186C>T,,,,,,,,,,,,,,,,,,,,,,,A,,,,,,,,,,,,,,,,,,,,,,,,,,,,,,,,,,,,,,,,,,,,,,,,,,,,,,,,,,,,
c.2195T>G,,,,,,,,,,,,,,,,,,,,,C,,,,,,,,,,,,,,,,,,,,,,,,,,,,,,,,,,,,,,,,,,,,,,,,,,,,,,,,,,,,,,
c.2279C>T,,,,,,,,,,,,,,,,,,,,A,,,,,,,,,,,,,,,,,,,,,,,,,,,,,,,,,,,,,,,,,,,,,,,,,,,,,,,,,,,,,,,
c.2303C>A,,,,,,,,,,,,,,,,,,,T,,,,,,,,,,,,,,,,,,,,,,,,,,,,,,,,,,,,,,,,,,,,,,,,,,,,,,,,,,,,,,,,
c.2336C>A,,,,,,,,,,,,,,,,,,T,,,,,,,,,,,,,,,,,,,,,,,,,,,,,,,,,,,,,,,,,,,,,,,,,,,,,,,,,,,,,,,,,
c.2482G>A,,,,,,,,,,,,,,,,,T,,,,,,,,,,,,,,,,,,,,,,,,,,,,,,,,,,,,,,,,,,,,,,,,,,,,,,,,,,,,,,,,,,
c.2582A>G,,,,,,,,,,,,,,,,C,,,,,,,,,,,,,,,,,,,,,,,,,,,,,,,,,,,,,,,,,,,,,,,,,,,,,,,,,,,,,,,,,,,
c.2623A>C,,,,,,,,,,,,,,,G,,,,,,,,,,,,,,,,,,,,,,,,,,,,,,,,,,,,,,,,,,,,,,,,,,,,,,,,,,,,,,,,,,,,
c.2639G>T,,,,,,,,,,,,,,A,,,,,,,,,,,,,,,,,,,,,,,,,,,,,,,,,,,,,,,,,,,,,,,,,,,,,,,,,,,,,,,,,,,,,
c.2656C>T,,,,,,,,,,,,,A,,,,,,,,,,,,,,,,,,,,,,,,,,,,,,,,,,,,,,,,,,,,,,,,,,,,,,,,,,,,,,,,,,,,,,
c.2657G>A (*9B),,,,,,,,,,,,T,,,,,,,,,,,,,,,,,,,,,,,,,,,,,,,,,,,,,,,,,,,,,,,,,,,,,,,,,,,,,,,,,,,,,,,
c.2846A>T,,,,,,,,,,,A,,,,,,,,,,,,,,,,,,,,,,,,,,,,,,,,,,,,,,,,,,,,,,,,,,,,,,,,,,,,,,,,,,,,,,,,
c.2872A>G,,,,,,,,,,C,,,,,,,,,,,,,,,,,,,,,,,,,,,,,,,,,,,,,,,,,,,,,,,,,,,,,,,,,,,,,,,,,,,,,,,,,
c.2915A>G,,,,,,,,,C,,,,,,,,,,,,,,,,,,,,,,,,,,,,,,,,,,,,,,,,,,,,,,,,,,,,,,,,,,,,,,,,,,,,,,,,,,
c.2921A>T,,,,,,,,A,,,,,,,,,,,,,,,,,,,,,,,,,,,,,,,,,,,,,,,,,,,,,,,,,,,,,,,,,,,,,,,,,,,,,,,,,,,
c.2933A>G,,,,,,,C,,,,,,,,,,,,,,,,,,,,,,,,,,,,,,,,,,,,,,,,,,,,,,,,,,,,,,,,,,,,,,,,,,,,,,,,,,,,
c.2977C>T,,,,,,A,,,,,,,,,,,,,,,,,,,,,,,,,,,,,,,,,,,,,,,,,,,,,,,,,,,,,,,,,,,,,,,,,,,,,,,,,,,,,
c.2978T>G,,,,,C,,,,,,,,,,,,,,,,,,,,,,,,,,,,,,,,,,,,,,,,,,,,,,,,,,,,,,,,,,,,,,,,,,,,,,,,,,,,,,
c.2983G>T (*10),,,,A,,,,,,,,,,,,,,,,,,,,,,,,,,,,,,,,,,,,,,,,,,,,,,,,,,,,,,,,,,,,,,,,,,,,,,,,,,,,,,,
c.3049G>A,,,T,,,,,,,,,,,,,,,,,,,,,,,,,,,,,,,,,,,,,,,,,,,,,,,,,,,,,,,,,,,,,,,,,,,,,,,,,,,,,,,,
c.3061G>C,,G,,,,,,,,,,,,,,,,,,,,,,,,,,,,,,,,,,,,,,,,,,,,,,,,,,,,,,,,,,,,,,,,,,,,,,,,,,,,,,,,,
c.3067C>A,T,,,,,,,,,,,,,,,,,,,,,,,,,,,,,,,,,,,,,,,,,,,,,,,,,,,,,,,,,,,,,,,,,,,,,,,,,,,,,,,,,,
