Nucleotide change on cDNA from https://liu.se/en/research/tpmt-nomenclature-committee,719A>G;719A>C,712A>G,681T>G,677G>A,648T>A,644G>A,634T>C,626-1G>A,622T>C,611T>C,595G>A,539A>T,537G>T,514T>C,500C>G,497A>G,495-1G>A,488G>A; 488G>C,487C>T,460G>A,430G>C,395G>A,374C>T,365A>C,356A>C,349G>C,340G>A,319T>G,262G>A,244C>T,238G>C,234G>T,218C>T,211G>A,205C>G,200T>C,146T>C,124C>G,106G>A,95_96insA,83A>T,2T>C,1A>G
Effect on protein (NP_000358.1),p.Y240C; p.Y240S,p.K238E,p.H227Q,p.R226Q,p.C216X,p.R215H,p.C212R,,p.F208L,p.I204T,p.V199I,p.Y180F,p.Q179H,p.S172P,p.A167G,p.Y166C,,p.R163H; p.R163P,p.R163C,p.A154T,p.G144R,p.C132Y,p.S125L,p.K122T,p.K119T,p.G117R,p.E114K,p.Y107D,p.G88S,p.R82W,p.A80P,p.W78C,p.A73V,p.G71R,p.L69V,p.F67S,p.L49S,p.Q42E,p.G36S,p.K32KfsX58,p.E28V,p.M1T,p.M1V
"Position at NC_000006.12 (Homo sapiens chromosome 6, GRCh38.p2)",g.18130687T>C; g.18130687T>G,g.18130694T>C,g.18130725A>C,g.18130729C>T,g.18130758A>T,g.18130762C>T,g.18130772A>G,g.18130781C>T,g.18132136A>G,g.18132147A>G,g.18132163C>T,g.18133845T>A,g.18133847C>A,g.18133870A>G,g.18133884G>C,g.18133887T>C,g.18133890C>T,g.18138969C>T; g.18138969C>G,g.18138970G>A,g.18138997C>T,g.18139027C>G,g.18139689C>T,g.18139710G>A,g.18143597T>G,g.18143606T>G,g.18143613C>G,g.18143622C>T,g.18143643A>C,g.18143700C>T,g.18143718G>A,g.18143724C>G,g.18143728C>A,g.18147838G>A,g.18147845C>T,g.18147851G>C,g.18147856A>G,g.18147910A>G,g.18149004G>C,g.18149022C>T,g.18149032_18149033insT,g.18149045T>A,g.18149126A>G,g.18149127T>C
Position at NG_012137.2 (TPMT RefSeqGene),g.29457A>G; g.29457A>C,g.29450A>G,g.29419A>C,g.29415G>A,g.29386T>A,g.29382G>A,g.29372T>C,g.29363G>A,g.28008T>C,g.27997T>C,g.27981G>A,g.26299A>T,g.26297G>T,g.26274T>C,g.26260C>G,g.26257A>G,g.26254G>A,g.21175G>A; g.21175G>C,g.21174C>T,g.21147G>A,g.21117G>C,g.20455G>A,g.20434C>T,g.16547A>C,g.16538A>C,g.16531G>C,g.16522G>A,g.16501T>G,g.16444G>A,g.16426C>T,g.16420G>C,g.16416G>T,g.12306C>T,g.12299G>A,g.12293C>G,g.12288T>C,g.12234T>C,g.11140C>G,g.11122G>A,g.11111_11112insA,g.11099A>T,g.11018T>C,g.11017A>G
rsID,rs1142345,rs150900439,rs72552736,rs139392616,rs398122996,rs56161402,rs377085266,rs1800584,rs72556347,rs79901429,,rs75543815,rs6921269,rs772832951,rs74423290,rs201695576,rs9333570,rs144041067,rs112339338,rs1800460,rs72552737,rs72552738,rs200220210,,rs151149760,,rs115106679,,rs753545734,rs111901354,rs1800462,rs1256618794,rs281874771,rs777686348,rs200591577,,rs72552740,,rs750424422,rs759836180,rs72552742,rs267607275,rs9333569
TPMT Allele,,,,,,,,,,,,,,,,,,,,,,,,,,,,,,,,,,,,,,,,,,,
*1,T,T,A,C,A,C,A,C,A,A,C,T,C,A,G,T,C,C,G,C,C,C,G,T,T,C,C,A,C,G,C,C,G,C,G,A,A,G,C,del,T,A,T
*2,,,,,,,,,,,,,,,,,,,,,,,,,,,,,,,G,,,,,,,,,,,,
*3A,C,,,,,,,,,,,,,,,,,,,T,,,,,,,,,,,,,,,,,,,,,,,
*3B,,,,,,,,,,,,,,,,,,,,T,,,,,,,,,,,,,,,,,,,,,,,
*3C,C,,,,,,,,,,,,,,,,,,,,,,,,,,,,,,,,,,,,,,,,,,
*4,,,,,,,,T,,,,,,,,,,,,,,,,,,,,,,,,,,,,,,,,,,,
*5,,,,,,,,,,,,,,,,,,,,,,,,,,,,,,,,,,,,,G,,,,,,
*6,,,,,,,,,,,,A,,,,,,,,,,,,,,,,,,,,,,,,,,,,,,,
*7,,,C,,,,,,,,,,,,,,,,,,,,,,,,,,,,,,,,,,,,,,,,
*8,,,,,,T,,,,,,,,,,,,,,,,,,,,,,,,,,,,,,,,,,,,,
*9,,,,,,,,,,,,,,,,,,,,,,,,,G,,,,,,,,,,,,,,,,,,
*10,,,,,,,,,,,,,,,,,,,,,G,,,,,,,,,,,,,,,,,,,,,,
*11,,,,,,,,,,,,,,,,,,,,,,T,,,,,,,,,,,,,,,,,,,,,
*12,,,,,,,,,,,,,,,,,,,,,,,A,,,,,,,,,,,,,,,,,,,,
*13,,,,,,,,,,,,,,,,,,,,,,,,,,,,,,,,,,,,,,,,,A,,
*14,,,,,,,,,,,,,,,,,,,,,,,,,,,,,,,,,,,,,,,,,,,C
*15,,,,,,,,,,,,,,,,,T,,,,,,,,,,,,,,,,,,,,,,,,,,
*16,,,,,,,,,,,,,,,,,,T,,,,,,,,,,,,,,,,,,,,,,,,,
*17,,,,,,,,,,,,,,,,,,,,,,,,,,,,,,,,,,,,,,C,,,,,
*18,,,,,,,,,,,,,,,,,,,,,,,,,,,,,,,,,,T,,,,,,,,,
*19,,,,,,,,,,,,,,,,,,,,,,,,G,,,,,,,,,,,,,,,,,,,
*20,,C,,,,,,,,,,,,,,,,,,,,,,,,,,,,,,,,,,,,,,,,,
*21,,,,,,,,,,,,,,,,,,,,,,,,,,,,,,,,,,,C,,,,,,,,
*22,,,,,,,,,,,,,,,,,,G,,,,,,,,,,,,,,,,,,,,,,,,,
*23,,,,,,,,,,,,,,,C,,,,,,,,,,,,,,,,,,,,,,,,,,,,
*24,,,,,,,,,,,,,A,,,,,,,,,,,,,,,,,,,,,,,,,,,,,,
*25,,,,,,,G,,,,,,,,,,,,,,,,,,,,,,,,,,,,,,,,,,,,
*26,,,,,,,,,G,,,,,,,,,,,,,,,,,,,,,,,,,,,,,,,,,,
*27,,,,,,,,,,,,,,,,,,,,,,,,,,,,C,,,,,,,,,,,,,,,
*28,,,,,,,,,,,,,,,,,,,,,,,,,,G,,,,,,,,,,,,,,,,,
*29,,,,,,,,,,,,,,,,,,,,,,,,,,,,,,,,,,,,,,,,,,G,
*30,,,,,,,,,,,,,,,,,,,,,,,,,,,,,,,,,,,,,,,T,,,,
*31,,,,,,,,,,G,,,,,,,,,,,,,,,,,,,,,,,,,,,,,,,,,
*32,,,,,,,,,,,,,,,,,,,,,,,,,,,T,,,,,,,,,,,,,,,,
*33,,,,,,,,,,,,,,,,,,,A,,,,,,,,,,,,,,,,,,,,,,,,
*34,,,,,,,,,,,,,,,,,,,,,,,,,,,,,,A,,,,,,,,,,,,,
*35,,,,,,,,,,,,,,,,,,,,,,,,,,,,,,,,,,,,G,,,,,,,
*36,,,,,,,,,,,T,,,,,,,,,,,,,,,,,,,,,,,,,,,,,,,,
*37,,,,,T,,,,,,,,,,,,,,,,,,,,,,,,,,,,,,,,,,,,,,
*38,,,,,,,,,,,,,,G,,,,,,,,,,,,,,,,,,,,,,,,,,,,,
*39,,,,,,,,,,,,,,,,,,,,,,,,,,,,,,,,,A,,,,,,,,,,
*40,,,,T,,,,,,,,,,,,,,,,,,,,,,,,,,,,,,,,,,,,,,,
*41,G,,,,,,,,,,,,,,,,,,,,,,,,,,,,,,,,,,,,,,,,,,
*42,,,,,,,,,,,,,,,,,,,,,,,,,,,,,,,,,,,,,,,,insT,,,
*43,,,,,,,,,,,,,,,,,,,,,,,,,,,,,T,,,A,,,,,,,,,,,
*44,,,,,,,,,,,,,,,,C,,,,,,,,,,,,,,,,,,,,,,,,,,,
